Continent,Code,Year,Population,AP,Gender,Subject
Europe,ALB,2009,2930553.0,405.6126,F,Science
Europe,ALB,2012,2892191.0,401.07968,F,Science
Europe,ALB,2015,2882482.0,439.44296,F,Science
Europe,ALB,2018,2877019.0,425.06088,F,Science
Europe,ALB,2022,2842318.0,390.75797,F,Science
South America,ARG,2006,39476856.0,397.28372,F,Science
South America,ARG,2009,40684344.0,404.43622,F,Science
South America,ARG,2012,41952364.0,408.88876,F,Science
South America,ARG,2015,43257064.0,424.99435,F,Science
South America,ARG,2018,44413592.0,399.23102,F,Science
South America,ARG,2022,45510324.0,403.22473,F,Science
Oceania,AUS,2006,20467032.0,526.8551,F,Science
Oceania,AUS,2009,21660898.0,527.72186,F,Science
Oceania,AUS,2012,22729272.0,519.12445,F,Science
Oceania,AUS,2015,23820240.0,508.92166,F,Science
Oceania,AUS,2018,24979228.0,502.16846,F,Science
Oceania,AUS,2022,26177410.0,505.72137,F,Science
Europe,AUT,2006,8267771.0,507.00162,F,Science
Europe,AUT,2009,8342939.0,490.46533,F,Science
Europe,AUT,2012,8429641.0,501.47852,F,Science
Europe,AUT,2015,8642422.0,485.52676,F,Science
Europe,AUT,2018,8840518.0,488.62888,F,Science
Europe,AUT,2022,8939617.0,485.47992,F,Science
Europe,BEL,2006,10582970.0,509.97104,F,Science
Europe,BEL,2009,10801357.0,503.2851,F,Science
Europe,BEL,2012,11031140.0,502.8999,F,Science
Europe,BEL,2015,11248306.0,496.03186,F,Science
Europe,BEL,2018,11448598.0,496.37048,F,Science
Europe,BEL,2022,11655923.0,490.52975,F,Science
South America,BRA,2006,188820688.0,386.1934,F,Science
South America,BRA,2009,194517552.0,403.84753,F,Science
South America,BRA,2012,199977712.0,401.39325,F,Science
South America,BRA,2015,205188208.0,398.7,F,Science
South America,BRA,2018,210166592.0,404.3891,F,Science
South America,BRA,2022,215313504.0,400.39685,F,Science
Asia,BGR,2006,7766040.0,442.89008,F,Science
Asia,BGR,2009,7634737.0,449.59933,F,Science
Asia,BGR,2012,7488347.0,456.93628,F,Science
Asia,BGR,2015,7309255.0,453.9011,F,Science
Asia,BGR,2018,7117424.0,432.16818,F,Science
Asia,BGR,2022,6781955.0,429.71655,F,Science
North America,CAN,2006,32531864.0,532.4228,F,Science
North America,CAN,2009,33593920.0,526.3676,F,Science
North America,CAN,2012,34691876.0,524.037,F,Science
North America,CAN,2015,35732120.0,527.1562,F,Science
North America,CAN,2018,37035260.0,519.5594,F,Science
North America,CAN,2022,38454328.0,514.80615,F,Science
South America,CHL,2006,16334573.0,426.48837,F,Science
South America,CHL,2009,16833450.0,442.87933,F,Science
South America,CHL,2012,17341770.0,441.64526,F,Science
South America,CHL,2015,17870122.0,439.6174,F,Science
South America,CHL,2018,18701452.0,441.81122,F,Science
South America,CHL,2022,19603736.0,436.3311,F,Science
South America,COL,2006,42772912.0,383.88678,F,Science
South America,COL,2009,44313916.0,391.6432,F,Science
South America,COL,2012,45782420.0,390.38464,F,Science
South America,COL,2015,47119728.0,411.0316,F,Science
South America,COL,2018,49276968.0,407.2854,F,Science
South America,COL,2022,51874028.0,408.11685,F,Science
Europe,HRV,2006,4417562.0,494.44617,F,Science
Europe,HRV,2009,4382142.0,491.0235,F,Science
Europe,HRV,2012,4331592.0,492.5202,F,Science
Europe,HRV,2015,4254821.0,472.58633,F,Science
Europe,HRV,2018,4160488.0,474.32352,F,Science
Europe,HRV,2022,4030361.0,488.24014,F,Science
Europe,CZE,2006,10304822.0,510.13312,F,Science
Europe,CZE,2009,10421515.0,503.07437,F,Science
Europe,CZE,2012,10511065.0,507.85495,F,Science
Europe,CZE,2015,10523801.0,488.3983,F,Science
Europe,CZE,2018,10534598.0,497.62415,F,Science
Europe,CZE,2022,10493990.0,498.65714,F,Science
Europe,DNK,2006,5457863.0,491.45242,F,Science
Europe,DNK,2009,5526455.0,493.6157,F,Science
Europe,DNK,2012,5600955.0,493.36304,F,Science
Europe,DNK,2015,5677795.0,498.9027,F,Science
Europe,DNK,2018,5766689.0,493.70883,F,Science
Europe,DNK,2022,5882259.0,490.21622,F,Science
Europe,EST,2006,1346711.0,533.2969,F,Science
Europe,EST,2009,1334557.0,528.2508,F,Science
Europe,EST,2012,1322682.0,542.6079,F,Science
Europe,EST,2015,1314658.0,532.52277,F,Science
Europe,EST,2018,1322146.0,532.59015,F,Science
Europe,EST,2022,1326064.0,527.67145,F,Science
Europe,FIN,2006,5266249.0,564.8624,F,Science
Europe,FIN,2009,5338813.0,561.8389,F,Science
Europe,FIN,2012,5413865.0,553.89343,F,Science
Europe,FIN,2015,5479457.0,540.51184,F,Science
Europe,FIN,2018,5515465.0,534.0426,F,Science
Europe,FIN,2022,5540745.0,521.9556,F,Science
Europe,FRA,2006,60919152.0,493.93674,F,Science
Europe,FRA,2009,62093300.0,496.59872,F,Science
Europe,FRA,2012,63071412.0,500.1571,F,Science
Europe,FRA,2015,63809768.0,494.0342,F,Science
Europe,FRA,2018,64277812.0,493.45996,F,Science
Europe,FRA,2022,64626624.0,487.91895,F,Science
Europe,DEU,2006,81177816.0,511.96484,F,Science
Europe,DEU,2009,81260624.0,517.5939,F,Science
Europe,DEU,2012,81545568.0,524.3909,F,Science
Europe,DEU,2015,82073232.0,503.81213,F,Science
Europe,DEU,2018,82896696.0,503.5658,F,Science
Europe,DEU,2022,83369840.0,492.22433,F,Science
Europe,GRC,2006,11106097.0,479.1118,F,Science
Europe,GRC,2009,11055503.0,474.88644,F,Science
Europe,GRC,2012,10963633.0,473.2982,F,Science
Europe,GRC,2015,10806644.0,459.41776,F,Science
Europe,GRC,2018,10633275.0,457.35983,F,Science
Europe,GRC,2022,10384972.0,445.94443,F,Science
Asia,HKG,2006,6960600.0,538.9082,F,Science
Asia,HKG,2009,7094600.0,547.67206,F,Science
Asia,HKG,2012,7234062.0,551.41876,F,Science
Asia,HKG,2015,7399845.0,523.7491,F,Science
Asia,HKG,2018,7481563.0,521.248,F,Science
Asia,HKG,2022,7488863.0,520.3875,F,Science
Europe,HUN,2006,10057063.0,500.55746,F,Science
Europe,HUN,2009,10008581.0,502.5865,F,Science
Europe,HUN,2012,9922133.0,492.80292,F,Science
Europe,HUN,2015,9844250.0,475.24838,F,Science
Europe,HUN,2018,9776361.0,477.87994,F,Science
Europe,HUN,2022,9967304.0,484.172,F,Science
Europe,ISL,2006,304086.0,493.90506,F,Science
Europe,ISL,2009,318809.0,494.71454,F,Science
Europe,ISL,2012,320988.0,479.6695,F,Science
Europe,ISL,2015,331068.0,474.6556,F,Science
Europe,ISL,2018,352951.0,479.22604,F,Science
Europe,ISL,2022,372903.0,453.69928,F,Science
Asia,IDN,2006,231797424.0,387.43585,F,Science
Asia,IDN,2009,240981296.0,386.93378,F,Science
Asia,IDN,2012,250222688.0,383.45932,F,Science
Asia,IDN,2015,259091968.0,405.12894,F,Science
Asia,IDN,2018,267066848.0,399.47684,F,Science
Asia,IDN,2022,275501344.0,385.34622,F,Science
Europe,IRL,2006,4234809.0,508.5253,F,Science
Europe,IRL,2009,4499797.0,509.3585,F,Science
Europe,IRL,2012,4564550.0,519.99994,F,Science
Europe,IRL,2015,4665764.0,497.17395,F,Science
Europe,IRL,2018,4834506.0,496.85138,F,Science
Europe,IRL,2022,5023108.0,500.95502,F,Science
Oceania,ISR,2006,6832082.0,452.18948,F,Science
Oceania,ISR,2009,7199704.0,456.21268,F,Science
Oceania,ISR,2012,7592099.0,470.41934,F,Science
Oceania,ISR,2015,8007777.0,464.44766,F,Science
Oceania,ISR,2018,8456487.0,471.33157,F,Science
Oceania,ISR,2022,9038313.0,464.9654,F,Science
Europe,ITA,2006,58429904.0,473.88605,F,Science
Europe,ITA,2009,59562844.0,489.82495,F,Science
Europe,ITA,2012,60190152.0,492.0868,F,Science
Europe,ITA,2015,60232908.0,472.11896,F,Science
Europe,ITA,2018,59877432.0,466.33148,F,Science
Europe,ITA,2022,59037472.0,474.2682,F,Science
Asia,JPN,2006,127902168.0,529.756,F,Science
Asia,JPN,2009,128117040.0,545.44745,F,Science
Asia,JPN,2012,127853688.0,540.9594,F,Science
Asia,JPN,2015,127250936.0,531.5329,F,Science
Asia,JPN,2018,126255872.0,527.77783,F,Science
Asia,JPN,2022,123951696.0,545.6919,F,Science
Asia,JOR,2006,6075550.0,436.27838,F,Science
Asia,JOR,2009,6780508.0,433.057,F,Science
Asia,JOR,2012,7211866.0,430.40134,F,Science
Asia,JOR,2015,9494250.0,427.9967,F,Science
Asia,JOR,2018,10459864.0,443.65967,F,Science
Asia,JOR,2022,11285875.0,390.39536,F,Science
Asia,KAZ,2009,16402365.0,404.7037,F,Science
Asia,KAZ,2012,17102868.0,428.97137,F,Science
Asia,KAZ,2015,17835908.0,457.8602,F,Science
Asia,KAZ,2018,18538100.0,400.90118,F,Science
Asia,KAZ,2022,19397998.0,425.88763,F,Science
Europe,LVA,2006,2203917.0,492.95798,F,Science
Europe,LVA,2009,2126268.0,497.23633,F,Science
Europe,LVA,2012,2053635.0,509.97314,F,Science
Europe,LVA,2015,1991951.0,495.57916,F,Science
Europe,LVA,2018,1935632.0,491.38232,F,Science
Europe,LVA,2022,1850654.0,493.15073,F,Science
Europe,LTU,2006,3322937.0,492.65466,F,Science
Europe,LTU,2009,3180482.0,500.124,F,Science
Europe,LTU,2012,3063340.0,503.2417,F,Science
Europe,LTU,2015,2963764.0,479.1618,F,Science
Europe,LTU,2018,2876128.0,485.1811,F,Science
Europe,LTU,2022,2750058.0,487.25998,F,Science
Europe,LUX,2006,472402.0,481.59595,F,Science
Europe,LUX,2009,497876.0,480.48315,F,Science
Europe,LUX,2012,530596.0,483.48422,F,Science
Europe,LUX,2015,569415.0,479.01312,F,Science
Europe,LUX,2018,607920.0,479.09317,F,Science
Asia,MAC,2006,501870.0,508.93048,F,Science
Asia,MAC,2009,543026.0,512.3234,F,Science
Asia,MAC,2012,582776.0,521.2428,F,Science
Asia,MAC,2015,615243.0,532.41565,F,Science
Asia,MAC,2018,650996.0,544.52203,F,Science
Asia,MAC,2022,695180.0,542.1262,F,Science
North America,MEX,2006,106886792.0,406.44955,F,Science
North America,MEX,2009,111049424.0,412.72498,F,Science
North America,MEX,2012,115755912.0,411.836,F,Science
North America,MEX,2015,120149896.0,411.5536,F,Science
North America,MEX,2018,124013864.0,414.70416,F,Science
North America,MEX,2022,127504120.0,403.53134,F,Science
Europe,MNE,2006,632551.0,412.80164,F,Science
Europe,MNE,2009,631187.0,407.74966,F,Science
Europe,MNE,2012,633053.0,418.51675,F,Science
Europe,MNE,2015,633969.0,413.81345,F,Science
Europe,MNE,2018,631459.0,417.51953,F,Science
Europe,MNE,2022,627082.0,407.11023,F,Science
Europe,NLD,2006,16325679.0,521.19696,F,Science
Europe,NLD,2009,16536200.0,520.26935,F,Science
Europe,NLD,2012,16785296.0,520.41504,F,Science
Europe,NLD,2015,17041110.0,506.5181,F,Science
Europe,NLD,2018,17286042.0,507.50504,F,Science
Europe,NLD,2022,17564020.0,487.09842,F,Science
Oceania,NZL,2006,4179986.0,532.1974,F,Science
Oceania,NZL,2009,4302884.0,535.1536,F,Science
Oceania,NZL,2012,4410285.0,513.2968,F,Science
Oceania,NZL,2015,4590591.0,510.72504,F,Science
Oceania,NZL,2018,4838528.0,507.6468,F,Science
Oceania,NZL,2022,5185289.0,504.43524,F,Science
Europe,NOR,2006,4661081.0,488.78748,F,Science
Europe,NOR,2009,4829195.0,501.70715,F,Science
Europe,NOR,2012,5019058.0,496.34634,F,Science
Europe,NOR,2015,5190357.0,497.00137,F,Science
Europe,NOR,2018,5312321.0,495.7973,F,Science
Europe,NOR,2022,5434324.0,485.15488,F,Science
South America,PER,2009,29009326.0,367.0732,F,Science
South America,PER,2012,29749592.0,370.25696,F,Science
South America,PER,2015,30711864.0,391.68097,F,Science
South America,PER,2018,32203946.0,397.44406,F,Science
South America,PER,2022,34049588.0,400.5929,F,Science
Europe,POL,2006,38547180.0,496.12906,F,Science
Europe,POL,2009,38555288.0,511.02274,F,Science
Europe,POL,2012,38625872.0,527.1486,F,Science
Europe,POL,2015,38553148.0,498.30322,F,Science
Europe,POL,2018,38521464.0,511.1722,F,Science
Europe,POL,2022,39857144.0,500.04663,F,Science
Europe,PRT,2006,10543946.0,471.86942,F,Science
Europe,PRT,2009,10591341.0,494.65558,F,Science
Europe,PRT,2012,10522085.0,490.22424,F,Science
Europe,PRT,2015,10365436.0,496.05524,F,Science
Europe,PRT,2018,10289833.0,489.0965,F,Science
Europe,PRT,2022,10270857.0,485.2358,F,Science
Asia,QAT,2006,1015064.0,365.32022,F,Science
Asia,QAT,2009,1610281.0,392.89938,F,Science
Asia,QAT,2012,1905670.0,401.5953,F,Science
Asia,QAT,2015,2414580.0,429.44788,F,Science
Asia,QAT,2018,2766743.0,439.05426,F,Science
Asia,QAT,2022,2695131.0,443.13794,F,Science
Europe,ROU,2006,20909406.0,419.47964,F,Science
Europe,ROU,2009,20466318.0,433.0544,F,Science
Europe,ROU,2012,20137112.0,441.2737,F,Science
Europe,ROU,2015,19906078.0,437.87747,F,Science
Europe,ROU,2018,19606778.0,426.05368,F,Science
Europe,ROU,2022,19659270.0,428.17157,F,Science
Europe,RUS,2006,143338672.0,478.1244,F,Science
Europe,RUS,2009,143163648.0,479.82098,F,Science
Europe,RUS,2012,143629360.0,489.05765,F,Science
Europe,RUS,2015,144668384.0,484.51428,F,Science
Europe,RUS,2018,145652288.0,478.0077,F,Science
Asia,SGP,2009,5010707.0,542.2656,F,Science
Asia,SGP,2012,5381003.0,551.80536,F,Science
Asia,SGP,2015,5650020.0,552.273,F,Science
Asia,SGP,2018,5814543.0,549.1486,F,Science
Asia,SGP,2022,5975689.0,557.9139,F,Science
Europe,SVK,2006,5377239.0,485.23056,F,Science
Europe,SVK,2009,5388934.0,490.54797,F,Science
Europe,SVK,2012,5409283.0,467.38522,F,Science
Europe,SVK,2015,5424449.0,461.21527,F,Science
Europe,SVK,2018,5446746.0,466.8386,F,Science
Europe,SVK,2022,5643455.0,465.72894,F,Science
Europe,SVN,2006,2013577.0,522.6966,F,Science
Europe,SVN,2009,2045578.0,518.8274,F,Science
Europe,SVN,2012,2069365.0,518.7174,F,Science
Europe,SVN,2015,2080865.0,515.77356,F,Science
Europe,SVN,2018,2105931.0,511.99905,F,Science
Europe,SVN,2022,2119843.0,507.71738,F,Science
Asia,KOR,2006,48049348.0,523.09314,F,Science
Asia,KOR,2009,48588024.0,539.2614,F,Science
Asia,KOR,2012,49634188.0,535.92957,F,Science
Asia,KOR,2015,50994396.0,520.83295,F,Science
Asia,KOR,2018,51676900.0,516.88837,F,Science
Asia,KOR,2022,51815808.0,529.58527,F,Science
Europe,ESP,2006,44422824.0,486.22183,F,Science
Europe,ESP,2009,46367772.0,484.59515,F,Science
Europe,ESP,2012,46756084.0,492.65833,F,Science
Europe,ESP,2015,46431344.0,489.45605,F,Science
Europe,ESP,2018,46792044.0,482.03378,F,Science
Europe,ESP,2022,47558632.0,481.90002,F,Science
Europe,SWE,2006,9104724.0,502.68018,F,Science
Europe,SWE,2009,9301413.0,496.95193,F,Science
Europe,SWE,2012,9555984.0,488.51273,F,Science
Europe,SWE,2015,9849344.0,495.71832,F,Science
Europe,SWE,2018,10162300.0,503.24686,F,Science
Europe,SWE,2022,10549349.0,497.79532,F,Science
Europe,CHE,2006,7475014.0,508.6576,F,Science
Europe,CHE,2009,7734402.0,512.4926,F,Science
Europe,CHE,2012,7995738.0,512.3305,F,Science
Europe,CHE,2015,8281735.0,502.30594,F,Science
Europe,CHE,2018,8514431.0,495.45233,F,Science
Europe,CHE,2022,8740471.0,502.36905,F,Science
Asia,TWN,2006,22874972.0,528.723,F,Science
Asia,TWN,2009,23044086.0,520.90845,F,Science
Asia,TWN,2012,23234064.0,522.8466,F,Science
Asia,TWN,2015,23512136.0,530.08203,F,Science
Asia,TWN,2018,23726186.0,515.1715,F,Science
Asia,TWN,2022,23893396.0,535.64667,F,Science
Asia,THA,2006,66319528.0,428.1241,F,Science
Asia,THA,2009,67813656.0,430.95078,F,Science
Asia,THA,2012,69157024.0,452.4915,F,Science
Asia,THA,2015,70294408.0,425.2518,F,Science
Asia,THA,2018,71127808.0,435.15158,F,Science
Asia,THA,2022,71697024.0,414.31458,F,Science
Asia,TUR,2006,69601328.0,430.35767,F,Science
Asia,TUR,2009,72225648.0,460.17596,F,Science
Asia,TUR,2012,75277440.0,468.62216,F,Science
Asia,TUR,2015,79646176.0,428.6548,F,Science
Asia,TUR,2018,82809304.0,472.0351,F,Science
Asia,TUR,2022,85341248.0,478.43112,F,Science
Europe,GBR,2006,60803700.0,509.78882,F,Science
Europe,GBR,2009,62243384.0,509.07526,F,Science
Europe,GBR,2012,63808728.0,507.88345,F,Science
Europe,GBR,2015,65224368.0,508.8409,F,Science
Europe,GBR,2018,66432996.0,503.47278,F,Science
Europe,GBR,2022,67508936.0,495.54343,F,Science
North America,USA,2006,299753088.0,488.63336,F,Science
North America,USA,2009,308512032.0,494.95203,F,Science
North America,USA,2012,316651328.0,498.32538,F,Science
North America,USA,2015,324607776.0,492.86508,F,Science
North America,USA,2018,332140032.0,502.00183,F,Science
North America,USA,2022,338289856.0,495.83276,F,Science
South America,URY,2006,3322282.0,429.6017,F,Science
South America,URY,2009,3344161.0,427.75308,F,Science
South America,URY,2012,3371134.0,416.34738,F,Science
South America,URY,2015,3402820.0,431.30768,F,Science
South America,URY,2018,3427044.0,424.2106,F,Science
South America,URY,2022,3422796.0,431.07162,F,Science
Europe,ALB,2009,2930553.0,376.52213,M,Science
Europe,ALB,2012,2892191.0,393.90643,M,Science
Europe,ALB,2015,2882482.0,414.95764,M,Science
Europe,ALB,2018,2877019.0,408.7282,M,Science
Europe,ALB,2022,2842318.0,362.2758,M,Science
South America,ARG,2006,39476856.0,384.45697,M,Science
South America,ARG,2009,40684344.0,396.66736,M,Science
South America,ARG,2012,41952364.0,402.1828,M,Science
South America,ARG,2015,43257064.0,440.10202,M,Science
South America,ARG,2018,44413592.0,409.05197,M,Science
South America,ARG,2022,45510324.0,409.16632,M,Science
Oceania,AUS,2006,20467032.0,526.903,M,Science
Oceania,AUS,2009,21660898.0,526.79895,M,Science
Oceania,AUS,2012,22729272.0,523.7282,M,Science
Oceania,AUS,2015,23820240.0,511.04926,M,Science
Oceania,AUS,2018,24979228.0,503.73477,M,Science
Oceania,AUS,2022,26177410.0,508.1308,M,Science
Europe,AUT,2006,8267771.0,514.53156,M,Science
Europe,AUT,2009,8342939.0,498.3399,M,Science
Europe,AUT,2012,8429641.0,510.1083,M,Science
Europe,AUT,2015,8642422.0,504.3712,M,Science
Europe,AUT,2018,8840518.0,490.89783,M,Science
Europe,AUT,2022,8939617.0,496.8304,M,Science
Europe,BEL,2006,10582970.0,510.71967,M,Science
Europe,BEL,2009,10801357.0,509.72635,M,Science
Europe,BEL,2012,11031140.0,506.8204,M,Science
Europe,BEL,2015,11248306.0,507.7805,M,Science
Europe,BEL,2018,11448598.0,501.19086,M,Science
Europe,BEL,2022,11655923.0,490.62857,M,Science
South America,BRA,2006,188820688.0,395.14978,M,Science
South America,BRA,2009,194517552.0,407.16547,M,Science
South America,BRA,2012,199977712.0,401.86404,M,Science
South America,BRA,2015,205188208.0,402.78305,M,Science
South America,BRA,2018,210166592.0,402.85226,M,Science
South America,BRA,2022,215313504.0,405.6286,M,Science
Asia,BGR,2006,7766040.0,425.8744,M,Science
Asia,BGR,2009,7634737.0,429.7279,M,Science
Asia,BGR,2012,7488347.0,436.71854,M,Science
Asia,BGR,2015,7309255.0,438.49664,M,Science
Asia,BGR,2018,7117424.0,416.9196,M,Science
Asia,BGR,2022,6781955.0,413.37012,M,Science
North America,CAN,2006,32531864.0,536.49585,M,Science
North America,CAN,2009,33593920.0,531.0118,M,Science
North America,CAN,2012,34691876.0,526.85077,M,Science
North America,CAN,2015,35732120.0,528.25476,M,Science
North America,CAN,2018,37035260.0,516.46045,M,Science
North America,CAN,2022,38454328.0,515.30725,M,Science
South America,CHL,2006,16334573.0,448.1313,M,Science
South America,CHL,2009,16833450.0,451.87833,M,Science
South America,CHL,2012,17341770.0,448.44107,M,Science
South America,CHL,2015,17870122.0,454.21863,M,Science
South America,CHL,2018,18701452.0,445.30957,M,Science
South America,CHL,2022,19603736.0,450.43692,M,Science
South America,COL,2006,42772912.0,392.8848,M,Science
South America,COL,2009,44313916.0,412.86838,M,Science
South America,COL,2012,45782420.0,407.994,M,Science
South America,COL,2015,47119728.0,420.96512,M,Science
South America,COL,2018,49276968.0,419.60538,M,Science
South America,COL,2022,51874028.0,414.36682,M,Science
Europe,HRV,2006,4417562.0,491.9606,M,Science
Europe,HRV,2009,4382142.0,482.22842,M,Science
Europe,HRV,2012,4331592.0,490.23785,M,Science
Europe,HRV,2015,4254821.0,478.41733,M,Science
Europe,HRV,2018,4160488.0,470.3756,M,Science
Europe,HRV,2022,4030361.0,477.44147,M,Science
Europe,CZE,2006,10304822.0,514.9543,M,Science
Europe,CZE,2009,10421515.0,498.2316,M,Science
Europe,CZE,2012,10511065.0,508.721,M,Science
Europe,CZE,2015,10523801.0,497.0304,M,Science
Europe,CZE,2018,10534598.0,495.99426,M,Science
Europe,CZE,2022,10493990.0,496.85306,M,Science
Europe,DNK,2006,5457863.0,500.38535,M,Science
Europe,DNK,2009,5526455.0,505.175,M,Science
Europe,DNK,2012,5600955.0,503.5331,M,Science
Europe,DNK,2015,5677795.0,504.94272,M,Science
Europe,DNK,2018,5766689.0,491.56717,M,Science
Europe,DNK,2022,5882259.0,497.2759,M,Science
Europe,EST,2006,1346711.0,529.5758,M,Science
Europe,EST,2009,1334557.0,527.44135,M,Science
Europe,EST,2012,1322682.0,540.1772,M,Science
Europe,EST,2015,1314658.0,535.7986,M,Science
Europe,EST,2018,1322146.0,527.6283,M,Science
Europe,EST,2022,1326064.0,524.0632,M,Science
Europe,FIN,2006,5266249.0,561.7613,M,Science
Europe,FIN,2009,5338813.0,546.3518,M,Science
Europe,FIN,2012,5413865.0,537.4362,M,Science
Europe,FIN,2015,5479457.0,521.4797,M,Science
Europe,FIN,2018,5515465.0,510.17853,M,Science
Europe,FIN,2022,5540745.0,500.39075,M,Science
Europe,FRA,2006,60919152.0,496.57962,M,Science
Europe,FRA,2009,62093300.0,499.9391,M,Science
Europe,FRA,2012,63071412.0,497.71634,M,Science
Europe,FRA,2015,63809768.0,495.93527,M,Science
Europe,FRA,2018,64277812.0,492.50702,M,Science
Europe,FRA,2022,64626624.0,486.50522,M,Science
Europe,DEU,2006,81177816.0,519.1071,M,Science
Europe,DEU,2009,81260624.0,523.09717,M,Science
Europe,DEU,2012,81545568.0,523.85986,M,Science
Europe,DEU,2015,82073232.0,514.2837,M,Science
Europe,DEU,2018,82896696.0,502.493,M,Science
Europe,DEU,2022,83369840.0,492.6221,M,Science
Europe,GRC,2006,11106097.0,467.703,M,Science
Europe,GRC,2009,11055503.0,465.17172,M,Science
Europe,GRC,2012,10963633.0,460.02008,M,Science
Europe,GRC,2015,10806644.0,450.5984,M,Science
Europe,GRC,2018,10633275.0,446.0662,M,Science
Europe,GRC,2022,10384972.0,435.77808,M,Science
Asia,HKG,2006,6960600.0,545.6076,M,Science
Asia,HKG,2009,7094600.0,550.2355,M,Science
Asia,HKG,2012,7234062.0,557.9685,M,Science
Asia,HKG,2015,7399845.0,522.8172,M,Science
Asia,HKG,2018,7481563.0,512.3622,M,Science
Asia,HKG,2022,7488863.0,520.44617,M,Science
Europe,HUN,2006,10057063.0,507.03745,M,Science
Europe,HUN,2009,10008581.0,502.69806,M,Science
Europe,HUN,2012,9922133.0,495.91254,M,Science
Europe,HUN,2015,9844250.0,478.2405,M,Science
Europe,HUN,2018,9776361.0,484.00043,M,Science
Europe,HUN,2022,9967304.0,487.60544,M,Science
Europe,ISL,2006,304086.0,487.73163,M,Science
Europe,ISL,2009,318809.0,496.4924,M,Science
Europe,ISL,2012,320988.0,476.676,M,Science
Europe,ISL,2015,331068.0,471.71765,M,Science
Europe,ISL,2018,352951.0,470.76675,M,Science
Europe,ISL,2022,372903.0,440.49985,M,Science
Asia,IDN,2006,231797424.0,399.22375,M,Science
Asia,IDN,2009,240981296.0,378.12408,M,Science
Asia,IDN,2012,250222688.0,380.4094,M,Science
Asia,IDN,2015,259091968.0,401.07828,M,Science
Asia,IDN,2018,267066848.0,392.55273,M,Science
Asia,IDN,2022,275501344.0,380.254,M,Science
Europe,IRL,2006,4234809.0,508.12787,M,Science
Europe,IRL,2009,4499797.0,506.64423,M,Science
Europe,IRL,2012,4564550.0,523.9423,M,Science
Europe,IRL,2015,4665764.0,507.7026,M,Science
Europe,IRL,2018,4834506.0,495.36728,M,Science
Europe,IRL,2022,5023108.0,506.58972,M,Science
Oceania,ISR,2006,6832082.0,455.6443,M,Science
Oceania,ISR,2009,7199704.0,453.43924,M,Science
Oceania,ISR,2012,7592099.0,469.71484,M,Science
Oceania,ISR,2015,8007777.0,468.74323,M,Science
Oceania,ISR,2018,8456487.0,452.035,M,Science
Oceania,ISR,2022,9038313.0,464.54367,M,Science
Europe,ITA,2006,58429904.0,476.9358,M,Science
Europe,ITA,2009,59562844.0,487.89185,M,Science
Europe,ITA,2012,60190152.0,494.89713,M,Science
Europe,ITA,2015,60232908.0,489.0838,M,Science
Europe,ITA,2018,59877432.0,469.57907,M,Science
Europe,ITA,2022,59037472.0,480.7725,M,Science
Asia,JPN,2006,127902168.0,533.0126,M,Science
Asia,JPN,2009,128117040.0,533.7868,M,Science
Asia,JPN,2012,127853688.0,551.9473,M,Science
Asia,JPN,2015,127250936.0,545.1415,M,Science
Asia,JPN,2018,126255872.0,530.5602,M,Science
Asia,JPN,2022,123951696.0,547.5875,M,Science
Asia,JOR,2006,6075550.0,407.5296,M,Science
Asia,JOR,2009,6780508.0,397.97638,M,Science
Asia,JOR,2012,7211866.0,387.8193,M,Science
Asia,JOR,2015,9494250.0,388.96274,M,Science
Asia,JOR,2018,10459864.0,414.3234,M,Science
Asia,JOR,2022,11285875.0,357.5186,M,Science
Asia,KAZ,2009,16402365.0,396.17184,M,Science
Asia,KAZ,2012,17102868.0,420.41144,M,Science
Asia,KAZ,2015,17835908.0,455.19543,M,Science
Asia,KAZ,2018,18538100.0,393.51617,M,Science
Asia,KAZ,2022,19397998.0,420.55472,M,Science
Europe,LVA,2006,2203917.0,485.93973,M,Science
Europe,LVA,2009,2126268.0,490.43167,M,Science
Europe,LVA,2012,2053635.0,494.53793,M,Science
Europe,LVA,2015,1991951.0,484.88718,M,Science
Europe,LVA,2018,1935632.0,482.9885,M,Science
Europe,LVA,2022,1850654.0,494.54953,M,Science
Europe,LTU,2006,3322937.0,483.4251,M,Science
Europe,LTU,2009,3180482.0,482.93588,M,Science
Europe,LTU,2012,3063340.0,488.27298,M,Science
Europe,LTU,2015,2963764.0,471.7669,M,Science
Europe,LTU,2018,2876128.0,479.0864,M,Science
Europe,LTU,2022,2750058.0,481.61362,M,Science
Europe,LUX,2006,472402.0,490.9403,M,Science
Europe,LUX,2009,497876.0,487.28348,M,Science
Europe,LUX,2012,530596.0,498.7149,M,Science
Europe,LUX,2015,569415.0,486.65207,M,Science
Europe,LUX,2018,607920.0,474.5093,M,Science
Asia,MAC,2006,501870.0,512.7027,M,Science
Asia,MAC,2009,543026.0,509.84595,M,Science
Asia,MAC,2012,582776.0,519.9321,M,Science
Asia,MAC,2015,615243.0,524.71265,M,Science
Asia,MAC,2018,650996.0,542.6742,M,Science
Asia,MAC,2022,695180.0,544.01855,M,Science
North America,MEX,2006,106886792.0,413.1048,M,Science
North America,MEX,2009,111049424.0,419.16965,M,Science
North America,MEX,2012,115755912.0,418.12787,M,Science
North America,MEX,2015,120149896.0,419.75174,M,Science
North America,MEX,2018,124013864.0,424.089,M,Science
North America,MEX,2022,127504120.0,417.06488,M,Science
Europe,MNE,2006,632551.0,410.8398,M,Science
Europe,MNE,2009,631187.0,395.10275,M,Science
Europe,MNE,2012,633053.0,401.68707,M,Science
Europe,MNE,2015,633969.0,408.9238,M,Science
Europe,MNE,2018,631459.0,413.01675,M,Science
Europe,MNE,2022,627082.0,399.34988,M,Science
Europe,NLD,2006,16325679.0,528.39307,M,Science
Europe,NLD,2009,16536200.0,524.188,M,Science
Europe,NLD,2012,16785296.0,523.62164,M,Science
Europe,NLD,2015,17041110.0,510.64517,M,Science
Europe,NLD,2018,17286042.0,499.2837,M,Science
Europe,NLD,2022,17564020.0,489.46936,M,Science
Oceania,NZL,2006,4179986.0,528.4503,M,Science
Oceania,NZL,2009,4302884.0,528.9871,M,Science
Oceania,NZL,2012,4410285.0,517.8751,M,Science
Oceania,NZL,2015,4590591.0,515.8496,M,Science
Oceania,NZL,2018,4838528.0,509.32147,M,Science
Oceania,NZL,2022,5185289.0,503.6443,M,Science
Europe,NOR,2006,4661081.0,484.41626,M,Science
Europe,NOR,2009,4829195.0,498.1246,M,Science
Europe,NOR,2012,5019058.0,492.7919,M,Science
Europe,NOR,2015,5190357.0,499.92337,M,Science
Europe,NOR,2018,5312321.0,485.1451,M,Science
Europe,NOR,2022,5434324.0,471.66385,M,Science
South America,PER,2009,29009326.0,371.58505,M,Science
South America,PER,2012,29749592.0,376.13593,M,Science
South America,PER,2015,30711864.0,401.63864,M,Science
South America,PER,2018,32203946.0,410.71887,M,Science
South America,PER,2022,34049588.0,414.9676,M,Science
Europe,POL,2006,38547180.0,499.50684,M,Science
Europe,POL,2009,38555288.0,505.11697,M,Science
Europe,POL,2012,38625872.0,524.42053,M,Science
Europe,POL,2015,38553148.0,504.4576,M,Science
Europe,POL,2018,38521464.0,510.89877,M,Science
Europe,POL,2022,39857144.0,498.30682,M,Science
Europe,PRT,2006,10543946.0,476.9132,M,Science
Europe,PRT,2009,10591341.0,491.1658,M,Science
Europe,PRT,2012,10522085.0,488.34616,M,Science
Europe,PRT,2015,10365436.0,506.05096,M,Science
Europe,PRT,2018,10289833.0,494.18463,M,Science
Europe,PRT,2022,10270857.0,483.5335,M,Science
Asia,QAT,2006,1015064.0,333.6744,M,Science
Asia,QAT,2009,1610281.0,366.48724,M,Science
Asia,QAT,2012,1905670.0,366.8036,M,Science
Asia,QAT,2015,2414580.0,406.32388,M,Science
Asia,QAT,2018,2766743.0,399.7702,M,Science
Asia,QAT,2022,2695131.0,421.81836,M,Science
Europe,ROU,2006,20909406.0,417.2847,M,Science
Europe,ROU,2009,20466318.0,423.11972,M,Science
Europe,ROU,2012,20137112.0,436.1572,M,Science
Europe,ROU,2015,19906078.0,431.86383,M,Science
Europe,ROU,2018,19606778.0,425.4859,M,Science
Europe,ROU,2022,19659270.0,426.8549,M,Science
Europe,RUS,2006,143338672.0,480.93353,M,Science
Europe,RUS,2009,143163648.0,476.74695,M,Science
Europe,RUS,2012,143629360.0,483.5322,M,Science
Europe,RUS,2015,144668384.0,488.81332,M,Science
Europe,RUS,2018,145652288.0,477.42288,M,Science
Asia,SGP,2009,5010707.0,541.1443,M,Science
Asia,SGP,2012,5381003.0,551.1937,M,Science
Asia,SGP,2015,5650020.0,558.66376,M,Science
Asia,SGP,2018,5814543.0,552.6571,M,Science
Asia,SGP,2022,5975689.0,564.81244,M,Science
Europe,SVK,2006,5377239.0,491.46222,M,Science
Europe,SVK,2009,5388934.0,489.9788,M,Science
Europe,SVK,2012,5409283.0,474.65814,M,Science
Europe,SVK,2015,5424449.0,460.36044,M,Science
Europe,SVK,2018,5446746.0,461.21793,M,Science
Europe,SVK,2022,5643455.0,459.18597,M,Science
Europe,SVN,2006,2013577.0,514.9034,M,Science
Europe,SVN,2009,2045578.0,504.96582,M,Science
Europe,SVN,2012,2069365.0,509.88226,M,Science
Europe,SVN,2015,2080865.0,510.14014,M,Science
Europe,SVN,2018,2105931.0,502.2496,M,Science
Europe,SVN,2022,2119843.0,492.62256,M,Science
Asia,KOR,2006,48049348.0,521.2294,M,Science
Asia,KOR,2009,48588024.0,536.844,M,Science
Asia,KOR,2012,49634188.0,539.4077,M,Science
Asia,KOR,2015,50994396.0,511.21506,M,Science
Asia,KOR,2018,51676900.0,520.9303,M,Science
Asia,KOR,2022,51815808.0,526.2188,M,Science
Europe,ESP,2006,44422824.0,490.5787,M,Science
Europe,ESP,2009,46367772.0,491.79672,M,Science
Europe,ESP,2012,46756084.0,500.1193,M,Science
Europe,ESP,2015,46431344.0,496.12512,M,Science
Europe,ESP,2018,46792044.0,484.43994,M,Science
Europe,ESP,2022,47558632.0,487.11465,M,Science
Europe,SWE,2006,9104724.0,503.9556,M,Science
Europe,SWE,2009,9301413.0,493.3167,M,Science
Europe,SWE,2012,9555984.0,481.15088,M,Science
Europe,SWE,2015,9849344.0,491.1678,M,Science
Europe,SWE,2018,10162300.0,495.64603,M,Science
Europe,SWE,2022,10549349.0,489.43076,M,Science
Europe,CHE,2006,7475014.0,514.21533,M,Science
Europe,CHE,2009,7734402.0,520.4886,M,Science
Europe,CHE,2012,7995738.0,518.25507,M,Science
Europe,CHE,2015,8281735.0,508.44916,M,Science
Europe,CHE,2018,8514431.0,495.118,M,Science
Europe,CHE,2022,8740471.0,502.673,M,Science
Asia,TWN,2006,22874972.0,535.85535,M,Science
Asia,TWN,2009,23044086.0,519.941,M,Science
Asia,TWN,2012,23234064.0,523.8012,M,Science
Asia,TWN,2015,23512136.0,534.5631,M,Science
Asia,TWN,2018,23726186.0,516.3196,M,Science
Asia,TWN,2022,23893396.0,539.0078,M,Science
Asia,THA,2006,66319528.0,411.41553,M,Science
Asia,THA,2009,67813656.0,417.8773,M,Science
Asia,THA,2012,69157024.0,433.20236,M,Science
Asia,THA,2015,70294408.0,416.22073,M,Science
Asia,THA,2018,71127808.0,415.20172,M,Science
Asia,THA,2022,71697024.0,403.8157,M,Science
Asia,TUR,2006,69601328.0,418.42984,M,Science
Asia,TUR,2009,72225648.0,448.0325,M,Science
Asia,TUR,2012,75277440.0,458.31622,M,Science
Asia,TUR,2015,79646176.0,422.32776,M,Science
Asia,TUR,2018,82809304.0,464.62784,M,Science
Asia,TUR,2022,85341248.0,473.4268,M,Science
Europe,GBR,2006,60803700.0,519.8502,M,Science
Europe,GBR,2009,62243384.0,518.5212,M,Science
Europe,GBR,2012,63808728.0,520.6216,M,Science
Europe,GBR,2015,65224368.0,509.59036,M,Science
Europe,GBR,2018,66432996.0,505.93344,M,Science
Europe,GBR,2022,67508936.0,503.66522,M,Science
North America,USA,2006,299753088.0,489.21005,M,Science
North America,USA,2009,308512032.0,508.68964,M,Science
North America,USA,2012,316651328.0,496.52948,M,Science
North America,USA,2015,324607776.0,499.61765,M,Science
North America,USA,2018,332140032.0,502.74228,M,Science
North America,USA,2022,338289856.0,502.7286,M,Science
South America,URY,2006,3322282.0,426.5958,M,Science
South America,URY,2009,3344161.0,426.60724,M,Science
South America,URY,2012,3371134.0,415.27097,M,Science
South America,URY,2015,3402820.0,439.82852,M,Science
South America,URY,2018,3427044.0,427.55783,M,Science
South America,URY,2022,3422796.0,439.60452,M,Science
Europe,ALB,2009,2930553.0,416.70712,F,Reading
Europe,ALB,2012,2892191.0,401.48297,F,Reading
Europe,ALB,2015,2882482.0,434.63962,F,Reading
Europe,ALB,2018,2877019.0,424.62268,F,Reading
Europe,ALB,2022,2842318.0,379.24014,F,Reading
South America,ARG,2006,39476856.0,399.10556,F,Reading
South America,ARG,2009,40684344.0,415.17825,F,Reading
South America,ARG,2012,41952364.0,414.25153,F,Reading
South America,ARG,2015,43257064.0,432.95807,F,Reading
South America,ARG,2018,44413592.0,409.4141,F,Reading
South America,ARG,2022,45510324.0,407.85742,F,Reading
Oceania,AUS,2006,20467032.0,531.7544,F,Reading
Oceania,AUS,2009,21660898.0,532.8537,F,Reading
Oceania,AUS,2012,22729272.0,529.5423,F,Reading
Oceania,AUS,2015,23820240.0,518.8658,F,Reading
Oceania,AUS,2018,24979228.0,518.5721,F,Reading
Oceania,AUS,2022,26177410.0,508.74277,F,Reading
Europe,AUT,2006,8267771.0,512.91223,F,Reading
Europe,AUT,2009,8342939.0,490.48734,F,Reading
Europe,AUT,2012,8429641.0,508.02148,F,Reading
Europe,AUT,2015,8642422.0,495.0752,F,Reading
Europe,AUT,2018,8840518.0,498.65268,F,Reading
Europe,AUT,2022,8939617.0,490.7721,F,Reading
Europe,BEL,2006,10582970.0,521.72833,F,Reading
Europe,BEL,2009,10801357.0,519.8061,F,Reading
Europe,BEL,2012,11031140.0,524.6024,F,Reading
Europe,BEL,2015,11248306.0,506.6386,F,Reading
Europe,BEL,2018,11448598.0,503.68723,F,Reading
Europe,BEL,2022,11655923.0,492.37805,F,Reading
South America,BRA,2006,188820688.0,407.5532,F,Reading
South America,BRA,2009,194517552.0,425.18304,F,Reading
South America,BRA,2012,199977712.0,421.81396,F,Reading
South America,BRA,2015,205188208.0,418.56168,F,Reading
South America,BRA,2018,210166592.0,425.71066,F,Reading
South America,BRA,2022,215313504.0,419.0065,F,Reading
Asia,BGR,2006,7766040.0,432.10605,F,Reading
Asia,BGR,2009,7634737.0,460.7867,F,Reading
Asia,BGR,2012,7488347.0,472.17465,F,Reading
Asia,BGR,2015,7309255.0,456.59857,F,Reading
Asia,BGR,2018,7117424.0,441.25677,F,Reading
Asia,BGR,2022,6781955.0,422.09827,F,Reading
North America,CAN,2006,32531864.0,543.0436,F,Reading
North America,CAN,2009,33593920.0,541.5272,F,Reading
North America,CAN,2012,34691876.0,540.6534,F,Reading
North America,CAN,2015,35732120.0,539.7624,F,Reading
North America,CAN,2018,37035260.0,534.6692,F,Reading
North America,CAN,2022,38454328.0,519.47974,F,Reading
South America,CHL,2006,16334573.0,451.25198,F,Reading
South America,CHL,2009,16833450.0,460.62097,F,Reading
South America,CHL,2012,17341770.0,452.37115,F,Reading
South America,CHL,2015,17870122.0,464.56165,F,Reading
South America,CHL,2018,18701452.0,462.30243,F,Reading
South America,CHL,2022,19603736.0,451.3539,F,Reading
South America,COL,2006,42772912.0,393.91336,F,Reading
South America,COL,2009,44313916.0,417.6085,F,Reading
South America,COL,2012,45782420.0,412.13666,F,Reading
South America,COL,2015,47119728.0,432.28192,F,Reading
South America,COL,2018,49276968.0,417.35623,F,Reading
South America,COL,2022,51874028.0,414.26157,F,Reading
Europe,HRV,2006,4417562.0,502.27026,F,Reading
Europe,HRV,2009,4382142.0,502.8507,F,Reading
Europe,HRV,2012,4331592.0,509.18027,F,Reading
Europe,HRV,2015,4254821.0,499.5858,F,Reading
Europe,HRV,2018,4160488.0,495.32202,F,Reading
Europe,HRV,2022,4030361.0,492.95816,F,Reading
Europe,CZE,2006,10304822.0,508.60767,F,Reading
Europe,CZE,2009,10421515.0,503.97955,F,Reading
Europe,CZE,2012,10511065.0,512.7902,F,Reading
Europe,CZE,2015,10523801.0,500.65265,F,Reading
Europe,CZE,2018,10534598.0,507.18,F,Reading
Europe,CZE,2022,10493990.0,503.3888,F,Reading
Europe,DNK,2006,5457863.0,509.29865,F,Reading
Europe,DNK,2009,5526455.0,509.18808,F,Reading
Europe,DNK,2012,5600955.0,511.52887,F,Reading
Europe,DNK,2015,5677795.0,510.9516,F,Reading
Europe,DNK,2018,5766689.0,515.81433,F,Reading
Europe,DNK,2022,5882259.0,499.36713,F,Reading
Europe,EST,2006,1346711.0,524.18634,F,Reading
Europe,EST,2009,1334557.0,523.83704,F,Reading
Europe,EST,2012,1322682.0,537.8329,F,Reading
Europe,EST,2015,1314658.0,533.362,F,Reading
Europe,EST,2018,1322146.0,538.3529,F,Reading
Europe,EST,2022,1326064.0,524.7775,F,Reading
Europe,FIN,2006,5266249.0,571.98706,F,Reading
Europe,FIN,2009,5338813.0,563.4818,F,Reading
Europe,FIN,2012,5413865.0,555.7081,F,Reading
Europe,FIN,2015,5479457.0,550.51117,F,Reading
Europe,FIN,2018,5515465.0,546.34174,F,Reading
Europe,FIN,2022,5540745.0,513.00653,F,Reading
Europe,FRA,2006,60919152.0,504.629,F,Reading
Europe,FRA,2009,62093300.0,515.18115,F,Reading
Europe,FRA,2012,63071412.0,526.7654,F,Reading
Europe,FRA,2015,63809768.0,513.76404,F,Reading
Europe,FRA,2018,64277812.0,505.22366,F,Reading
Europe,FRA,2022,64626624.0,483.76834,F,Reading
Europe,DEU,2006,81177816.0,516.62036,F,Reading
Europe,DEU,2009,81260624.0,517.5894,F,Reading
Europe,DEU,2012,81545568.0,530.11914,F,Reading
Europe,DEU,2015,82073232.0,519.67413,F,Reading
Europe,DEU,2018,82896696.0,512.209,F,Reading
Europe,DEU,2022,83369840.0,489.66937,F,Reading
Europe,GRC,2006,11106097.0,488.1489,F,Reading
Europe,GRC,2009,11055503.0,505.92508,F,Reading
Europe,GRC,2012,10963633.0,502.19778,F,Reading
Europe,GRC,2015,10806644.0,486.46002,F,Reading
Europe,GRC,2018,10633275.0,478.7863,F,Reading
Europe,GRC,2022,10384972.0,451.34555,F,Reading
Asia,HKG,2006,6960600.0,551.43335,F,Reading
Asia,HKG,2009,7094600.0,550.3596,F,Reading
Asia,HKG,2012,7234062.0,558.25775,F,Reading
Asia,HKG,2015,7399845.0,540.98444,F,Reading
Asia,HKG,2018,7481563.0,542.0791,F,Reading
Asia,HKG,2022,7488863.0,511.8687,F,Reading
Europe,HUN,2006,10057063.0,502.97757,F,Reading
Europe,HUN,2009,10008581.0,513.2543,F,Reading
Europe,HUN,2012,9922133.0,507.54886,F,Reading
Europe,HUN,2015,9844250.0,481.95956,F,Reading
Europe,HUN,2018,9776361.0,489.10788,F,Reading
Europe,HUN,2022,9967304.0,481.4548,F,Reading
Europe,ISL,2006,304086.0,508.86542,F,Reading
Europe,ISL,2009,318809.0,522.24506,F,Reading
Europe,ISL,2012,320988.0,508.38986,F,Reading
Europe,ISL,2015,331068.0,501.7167,F,Reading
Europe,ISL,2018,352951.0,494.14642,F,Reading
Europe,ISL,2022,372903.0,454.02386,F,Reading
Asia,IDN,2006,231797424.0,402.1228,F,Reading
Asia,IDN,2009,240981296.0,419.80197,F,Reading
Asia,IDN,2012,250222688.0,410.40848,F,Reading
Asia,IDN,2015,259091968.0,408.99942,F,Reading
Asia,IDN,2018,267066848.0,383.43274,F,Reading
Asia,IDN,2022,275501344.0,369.74457,F,Reading
Europe,IRL,2006,4234809.0,534.0013,F,Reading
Europe,IRL,2009,4499797.0,515.47845,F,Reading
Europe,IRL,2012,4564550.0,537.6689,F,Reading
Europe,IRL,2015,4665764.0,526.9491,F,Reading
Europe,IRL,2018,4834506.0,529.6249,F,Reading
Europe,IRL,2022,5023108.0,525.40924,F,Reading
Oceania,ISR,2006,6832082.0,459.5383,F,Reading
Oceania,ISR,2009,7199704.0,494.737,F,Reading
Oceania,ISR,2012,7592099.0,507.45108,F,Reading
Oceania,ISR,2015,8007777.0,490.16495,F,Reading
Oceania,ISR,2018,8456487.0,493.20377,F,Reading
Oceania,ISR,2022,9038313.0,485.50873,F,Reading
Europe,ITA,2006,58429904.0,488.97668,F,Reading
Europe,ITA,2009,59562844.0,509.54755,F,Reading
Europe,ITA,2012,60190152.0,509.94528,F,Reading
Europe,ITA,2015,60232908.0,492.70914,F,Reading
Europe,ITA,2018,59877432.0,489.0827,F,Reading
Europe,ITA,2022,59037472.0,490.99603,F,Reading
Asia,JPN,2006,127902168.0,513.28564,F,Reading
Asia,JPN,2009,128117040.0,539.93475,F,Reading
Asia,JPN,2012,127853688.0,550.7235,F,Reading
Asia,JPN,2015,127250936.0,522.6553,F,Reading
Asia,JPN,2018,126255872.0,513.8205,F,Reading
Asia,JPN,2022,123951696.0,524.1005,F,Reading
Asia,JOR,2006,6075550.0,428.1343,F,Reading
Asia,JOR,2009,6780508.0,433.6349,F,Reading
Asia,JOR,2012,7211866.0,435.9991,F,Reading
Asia,JOR,2015,9494250.0,443.5964,F,Reading
Asia,JOR,2018,10459864.0,444.15564,F,Reading
Asia,JOR,2022,11285875.0,364.436,F,Reading
Asia,KAZ,2009,16402365.0,412.09244,F,Reading
Asia,KAZ,2012,17102868.0,411.0841,F,Reading
Asia,KAZ,2015,17835908.0,435.3836,F,Reading
Asia,KAZ,2018,18538100.0,400.7286,F,Reading
Asia,KAZ,2022,19397998.0,400.2744,F,Reading
Europe,LVA,2006,2203917.0,503.8036,F,Reading
Europe,LVA,2009,2126268.0,507.3425,F,Reading
Europe,LVA,2012,2053635.0,516.3062,F,Reading
Europe,LVA,2015,1991951.0,508.82507,F,Reading
Europe,LVA,2018,1935632.0,494.84436,F,Reading
Europe,LVA,2022,1850654.0,488.22937,F,Reading
Europe,LTU,2006,3322937.0,496.2464,F,Reading
Europe,LTU,2009,3180482.0,498.22333,F,Reading
Europe,LTU,2012,3063340.0,505.06982,F,Reading
Europe,LTU,2015,2963764.0,492.2423,F,Reading
Europe,LTU,2018,2876128.0,495.62836,F,Reading
Europe,LTU,2022,2750058.0,487.0861,F,Reading
Europe,LUX,2006,472402.0,495.39948,F,Reading
Europe,LUX,2009,497876.0,492.13644,F,Reading
Europe,LUX,2012,530596.0,503.02353,F,Reading
Europe,LUX,2015,569415.0,492.03482,F,Reading
Europe,LUX,2018,607920.0,484.81384,F,Reading
Asia,MAC,2006,501870.0,505.47314,F,Reading
Asia,MAC,2009,543026.0,503.9364,F,Reading
Asia,MAC,2012,582776.0,527.2269,F,Reading
Asia,MAC,2015,615243.0,524.53894,F,Reading
Asia,MAC,2018,650996.0,536.2693,F,Reading
Asia,MAC,2022,695180.0,517.76483,F,Reading
North America,MEX,2006,106886792.0,426.66666,F,Reading
North America,MEX,2009,111049424.0,437.5785,F,Reading
North America,MEX,2012,115755912.0,435.2725,F,Reading
North America,MEX,2015,120149896.0,431.2322,F,Reading
North America,MEX,2018,124013864.0,425.80048,F,Reading
North America,MEX,2022,127504120.0,419.02423,F,Reading
Europe,MNE,2006,632551.0,415.25436,F,Reading
Europe,MNE,2009,631187.0,434.45413,F,Reading
Europe,MNE,2012,633053.0,452.9949,F,Reading
Europe,MNE,2015,633969.0,444.1791,F,Reading
Europe,MNE,2018,631459.0,436.8264,F,Reading
Europe,MNE,2022,627082.0,423.3316,F,Reading
Europe,NLD,2006,16325679.0,519.0456,F,Reading
Europe,NLD,2009,16536200.0,520.50854,F,Reading
Europe,NLD,2012,16785296.0,524.7608,F,Reading
Europe,NLD,2015,17041110.0,514.7034,F,Reading
Europe,NLD,2018,17286042.0,499.2454,F,Reading
Europe,NLD,2022,17564020.0,472.54822,F,Reading
Oceania,NZL,2006,4179986.0,539.1177,F,Reading
Oceania,NZL,2009,4302884.0,544.17523,F,Reading
Oceania,NZL,2012,4410285.0,529.7651,F,Reading
Oceania,NZL,2015,4590591.0,525.51984,F,Reading
Oceania,NZL,2018,4838528.0,520.2624,F,Reading
Oceania,NZL,2022,5185289.0,513.85974,F,Reading
Europe,NOR,2006,4661081.0,508.04163,F,Reading
Europe,NOR,2009,4829195.0,527.3973,F,Reading
Europe,NOR,2012,5019058.0,527.7712,F,Reading
Europe,NOR,2015,5190357.0,533.356,F,Reading
Europe,NOR,2018,5312321.0,523.19745,F,Reading
Europe,NOR,2022,5434324.0,497.9626,F,Reading
South America,PER,2009,29009326.0,380.88345,F,Reading
South America,PER,2012,29749592.0,394.7007,F,Reading
South America,PER,2015,30711864.0,401.42468,F,Reading
South America,PER,2018,32203946.0,405.87894,F,Reading
South America,PER,2022,34049588.0,412.30206,F,Reading
Europe,POL,2006,38547180.0,527.5655,F,Reading
Europe,POL,2009,38555288.0,525.3232,F,Reading
Europe,POL,2012,38625872.0,538.6865,F,Reading
Europe,POL,2015,38553148.0,520.6746,F,Reading
Europe,POL,2018,38521464.0,528.24335,F,Reading
Europe,POL,2022,39857144.0,503.2372,F,Reading
Europe,PRT,2006,10543946.0,488.16815,F,Reading
Europe,PRT,2009,10591341.0,507.93414,F,Reading
Europe,PRT,2012,10522085.0,507.5621,F,Reading
Europe,PRT,2015,10365436.0,506.55176,F,Reading
Europe,PRT,2018,10289833.0,504.10345,F,Reading
Europe,PRT,2022,10270857.0,487.1833,F,Reading
Asia,QAT,2006,1015064.0,345.53693,F,Reading
Asia,QAT,2009,1610281.0,397.2931,F,Reading
Asia,QAT,2012,1905670.0,423.73007,F,Reading
Asia,QAT,2015,2414580.0,428.95462,F,Reading
Asia,QAT,2018,2766743.0,440.24948,F,Reading
Asia,QAT,2022,2695131.0,439.55408,F,Reading
Europe,ROU,2006,20909406.0,417.86047,F,Reading
Europe,ROU,2009,20466318.0,445.33707,F,Reading
Europe,ROU,2012,20137112.0,457.36783,F,Reading
Europe,ROU,2015,19906078.0,442.3834,F,Reading
Europe,ROU,2018,19606778.0,445.16406,F,Reading
Europe,ROU,2022,19659270.0,441.74918,F,Reading
Europe,RUS,2006,143338672.0,458.01822,F,Reading
Europe,RUS,2009,143163648.0,481.52237,F,Reading
Europe,RUS,2012,143629360.0,495.14386,F,Reading
Europe,RUS,2015,144668384.0,507.4833,F,Reading
Europe,RUS,2018,145652288.0,491.0215,F,Reading
Asia,SGP,2009,5010707.0,541.7624,F,Reading
Asia,SGP,2012,5381003.0,558.59595,F,Reading
Asia,SGP,2015,5650020.0,545.5585,F,Reading
Asia,SGP,2018,5814543.0,561.2935,F,Reading
Asia,SGP,2022,5975689.0,552.5518,F,Reading
Europe,SVK,2006,5377239.0,487.75784,F,Reading
Europe,SVK,2009,5388934.0,502.87442,F,Reading
Europe,SVK,2012,5409283.0,483.3031,F,Reading
Europe,SVK,2015,5424449.0,470.86273,F,Reading
Europe,SVK,2018,5446746.0,475.07977,F,Reading
Europe,SVK,2022,5643455.0,462.49518,F,Reading
Europe,SVN,2006,2013577.0,521.1053,F,Reading
Europe,SVN,2009,2045578.0,511.0299,F,Reading
Europe,SVN,2012,2069365.0,510.14954,F,Reading
Europe,SVN,2015,2080865.0,527.5539,F,Reading
Europe,SVN,2018,2105931.0,516.71106,F,Reading
Europe,SVN,2022,2119843.0,490.95966,F,Reading
Asia,KOR,2006,48049348.0,573.7813,F,Reading
Asia,KOR,2009,48588024.0,557.98254,F,Reading
Asia,KOR,2012,49634188.0,548.20667,F,Reading
Asia,KOR,2015,50994396.0,538.6092,F,Reading
Asia,KOR,2018,51676900.0,526.40625,F,Reading
Asia,KOR,2022,51815808.0,533.34357,F,Reading
Europe,ESP,2006,44422824.0,478.72495,F,Reading
Europe,ESP,2009,46367772.0,495.7355,F,Reading
Europe,ESP,2012,46756084.0,502.5108,F,Reading
Europe,ESP,2015,46431344.0,505.68472,F,Reading
Europe,ESP,2022,47558632.0,487.07666,F,Reading
Europe,SWE,2006,9104724.0,528.05884,F,Reading
Europe,SWE,2009,9301413.0,520.5594,F,Reading
Europe,SWE,2012,9555984.0,509.13495,F,Reading
Europe,SWE,2015,9849344.0,519.9498,F,Reading
Europe,SWE,2018,10162300.0,522.9551,F,Reading
Europe,SWE,2022,10549349.0,505.6106,F,Reading
Europe,CHE,2006,7475014.0,515.1719,F,Reading
Europe,CHE,2009,7734402.0,520.2399,F,Reading
Europe,CHE,2012,7995738.0,527.06354,F,Reading
Europe,CHE,2015,8281735.0,505.37317,F,Reading
Europe,CHE,2018,8514431.0,500.03522,F,Reading
Europe,CHE,2022,8740471.0,495.39377,F,Reading
Asia,TWN,2006,22874972.0,507.37454,F,Reading
Asia,TWN,2009,23044086.0,513.89813,F,Reading
Asia,TWN,2012,23234064.0,538.96234,F,Reading
Asia,TWN,2015,23512136.0,509.8722,F,Reading
Asia,TWN,2018,23726186.0,513.5977,F,Reading
Asia,TWN,2022,23893396.0,529.05536,F,Reading
Asia,THA,2006,66319528.0,439.86655,F,Reading
Asia,THA,2009,67813656.0,437.65598,F,Reading
Asia,THA,2012,69157024.0,465.42896,F,Reading
Asia,THA,2015,70294408.0,422.55325,F,Reading
Asia,THA,2018,71127808.0,411.1086,F,Reading
Asia,THA,2022,71697024.0,391.48953,F,Reading
Asia,TUR,2006,69601328.0,471.04242,F,Reading
Asia,TUR,2009,72225648.0,486.30045,F,Reading
Asia,TUR,2012,75277440.0,498.63998,F,Reading
Asia,TUR,2015,79646176.0,442.2461,F,Reading
Asia,TUR,2018,82809304.0,478.3803,F,Reading
Asia,TUR,2022,85341248.0,468.45303,F,Reading
Europe,GBR,2006,60803700.0,509.5307,F,Reading
Europe,GBR,2009,62243384.0,506.51288,F,Reading
Europe,GBR,2012,63808728.0,511.53378,F,Reading
Europe,GBR,2015,65224368.0,509.0904,F,Reading
Europe,GBR,2018,66432996.0,513.69904,F,Reading
Europe,GBR,2022,67508936.0,502.78674,F,Reading
North America,USA,2009,308512032.0,512.5184,F,Reading
North America,USA,2012,316651328.0,513.2686,F,Reading
North America,USA,2015,324607776.0,506.9752,F,Reading
North America,USA,2018,332140032.0,517.38086,F,Reading
North America,USA,2022,338289856.0,514.6364,F,Reading
South America,URY,2006,3322282.0,434.57822,F,Reading
South America,URY,2009,3344161.0,445.4246,F,Reading
South America,URY,2012,3371134.0,427.9805,F,Reading
South America,URY,2015,3402820.0,447.7196,F,Reading
South America,URY,2018,3427044.0,438.1251,F,Reading
South America,URY,2022,3422796.0,438.06863,F,Reading
Europe,ALB,2009,2930553.0,354.515,M,Reading
Europe,ALB,2012,2892191.0,386.93176,M,Reading
Europe,ALB,2015,2882482.0,375.7592,M,Reading
Europe,ALB,2018,2877019.0,387.0111,M,Reading
Europe,ALB,2022,2842318.0,339.1743,M,Reading
South America,ARG,2006,39476856.0,345.20233,M,Reading
South America,ARG,2009,40684344.0,378.64688,M,Reading
South America,ARG,2012,41952364.0,376.62692,M,Reading
South America,ARG,2015,43257064.0,416.9666,M,Reading
South America,ARG,2018,44413592.0,393.3632,M,Reading
South America,ARG,2022,45510324.0,393.6106,M,Reading
Oceania,AUS,2006,20467032.0,494.87286,M,Reading
Oceania,AUS,2009,21660898.0,496.14398,M,Reading
Oceania,AUS,2012,22729272.0,495.08957,M,Reading
Oceania,AUS,2015,23820240.0,487.18552,M,Reading
Oceania,AUS,2018,24979228.0,487.20966,M,Reading
Oceania,AUS,2022,26177410.0,487.23822,M,Reading
Europe,AUT,2006,8267771.0,468.31168,M,Reading
Europe,AUT,2009,8342939.0,449.29584,M,Reading
Europe,AUT,2012,8429641.0,471.09314,M,Reading
Europe,AUT,2015,8642422.0,474.84604,M,Reading
Europe,AUT,2018,8840518.0,470.55585,M,Reading
Europe,AUT,2022,8939617.0,470.45413,M,Reading
Europe,BEL,2006,10582970.0,481.9972,M,Reading
Europe,BEL,2009,10801357.0,492.67365,M,Reading
Europe,BEL,2012,11031140.0,492.75522,M,Reading
Europe,BEL,2015,11248306.0,490.66415,M,Reading
Europe,BEL,2018,11448598.0,481.9737,M,Reading
Europe,BEL,2022,11655923.0,464.8733,M,Reading
South America,BRA,2006,188820688.0,375.8066,M,Reading
South America,BRA,2009,194517552.0,396.55774,M,Reading
South America,BRA,2012,199977712.0,390.04318,M,Reading
South America,BRA,2015,205188208.0,395.46326,M,Reading
South America,BRA,2018,210166592.0,400.0274,M,Reading
South America,BRA,2022,215313504.0,401.63092,M,Reading
Asia,BGR,2006,7766040.0,373.83542,M,Reading
Asia,BGR,2009,7634737.0,399.64896,M,Reading
Asia,BGR,2012,7488347.0,402.54745,M,Reading
Asia,BGR,2015,7309255.0,409.44977,M,Reading
Asia,BGR,2018,7117424.0,400.9194,M,Reading
Asia,BGR,2022,6781955.0,388.75357,M,Reading
North America,CAN,2006,32531864.0,511.14246,M,Reading
North America,CAN,2009,33593920.0,507.1822,M,Reading
North America,CAN,2012,34691876.0,505.5302,M,Reading
North America,CAN,2015,35732120.0,513.53546,M,Reading
North America,CAN,2018,37035260.0,505.72687,M,Reading
North America,CAN,2022,38454328.0,495.2112,M,Reading
South America,CHL,2006,16334573.0,434.29062,M,Reading
South America,CHL,2009,16833450.0,438.55246,M,Reading
South America,CHL,2012,17341770.0,429.69617,M,Reading
South America,CHL,2015,17870122.0,452.64224,M,Reading
South America,CHL,2018,18701452.0,442.4936,M,Reading
South America,CHL,2022,19603736.0,444.7532,M,Reading
South America,COL,2006,42772912.0,375.26205,M,Reading
South America,COL,2009,44313916.0,408.31152,M,Reading
South America,COL,2012,45782420.0,393.59283,M,Reading
South America,COL,2015,47119728.0,416.68164,M,Reading
South America,COL,2018,49276968.0,407.02875,M,Reading
South America,COL,2022,51874028.0,402.61694,M,Reading
Europe,HRV,2006,4417562.0,452.41772,M,Reading
Europe,HRV,2009,4382142.0,451.70056,M,Reading
Europe,HRV,2012,4331592.0,460.8994,M,Reading
Europe,HRV,2015,4254821.0,473.1367,M,Reading
Europe,HRV,2018,4160488.0,462.43887,M,Reading
Europe,HRV,2022,4030361.0,459.12598,M,Reading
Europe,CZE,2006,10304822.0,462.8417,M,Reading
Europe,CZE,2009,10421515.0,455.51437,M,Reading
Europe,CZE,2012,10511065.0,473.98337,M,Reading
Europe,CZE,2015,10523801.0,474.54745,M,Reading
Europe,CZE,2018,10534598.0,473.9864,M,Reading
Europe,CZE,2022,10493990.0,474.24054,M,Reading
Europe,DNK,2006,5457863.0,479.5034,M,Reading
Europe,DNK,2009,5526455.0,480.35306,M,Reading
Europe,DNK,2012,5600955.0,480.89032,M,Reading
Europe,DNK,2015,5677795.0,488.78165,M,Reading
Europe,DNK,2018,5766689.0,486.47202,M,Reading
Europe,DNK,2022,5882259.0,478.64377,M,Reading
Europe,EST,2006,1346711.0,478.40906,M,Reading
Europe,EST,2009,1334557.0,479.64926,M,Reading
Europe,EST,2012,1322682.0,494.31903,M,Reading
Europe,EST,2015,1314658.0,505.48633,M,Reading
Europe,EST,2018,1322146.0,507.6961,M,Reading
Europe,EST,2022,1326064.0,498.10425,M,Reading
Europe,FIN,2006,5266249.0,521.3923,M,Reading
Europe,FIN,2009,5338813.0,508.38687,M,Reading
Europe,FIN,2012,5413865.0,494.00647,M,Reading
Europe,FIN,2015,5479457.0,503.97458,M,Reading
Europe,FIN,2018,5515465.0,494.79227,M,Reading
Europe,FIN,2022,5540745.0,468.3172,M,Reading
Europe,FRA,2006,60919152.0,469.77237,M,Reading
Europe,FRA,2009,62093300.0,475.04233,M,Reading
Europe,FRA,2012,63071412.0,482.97153,M,Reading
Europe,FRA,2015,63809768.0,484.62927,M,Reading
Europe,FRA,2018,64277812.0,480.32477,M,Reading
Europe,FRA,2022,64626624.0,463.55872,M,Reading
Europe,DEU,2006,81177816.0,474.5998,M,Reading
Europe,DEU,2009,81260624.0,477.88388,M,Reading
Europe,DEU,2012,81545568.0,485.9997,M,Reading
Europe,DEU,2015,82073232.0,498.90216,M,Reading
Europe,DEU,2018,82896696.0,486.30585,M,Reading
Europe,DEU,2022,83369840.0,470.26062,M,Reading
Europe,GRC,2006,11106097.0,431.56534,M,Reading
Europe,GRC,2009,11055503.0,458.78622,M,Reading
Europe,GRC,2012,10963633.0,451.71835,M,Reading
Europe,GRC,2015,10806644.0,449.13623,M,Reading
Europe,GRC,2018,10633275.0,436.64154,M,Reading
Europe,GRC,2022,10384972.0,425.9119,M,Reading
Asia,HKG,2006,6960600.0,520.2648,M,Reading
Asia,HKG,2009,7094600.0,517.8441,M,Reading
Asia,HKG,2012,7234062.0,532.83496,M,Reading
Asia,HKG,2015,7399845.0,512.71136,M,Reading
Asia,HKG,2018,7481563.0,507.41522,M,Reading
Asia,HKG,2022,7488863.0,488.98807,M,Reading
Europe,HUN,2006,10057063.0,463.41113,M,Reading
Europe,HUN,2009,10008581.0,475.4212,M,Reading
Europe,HUN,2012,9922133.0,467.96365,M,Reading
Europe,HUN,2015,9844250.0,457.13773,M,Reading
Europe,HUN,2018,9776361.0,462.6188,M,Reading
Europe,HUN,2022,9967304.0,464.50885,M,Reading
Europe,ISL,2006,304086.0,460.41068,M,Reading
Europe,ISL,2009,318809.0,478.0747,M,Reading
Europe,ISL,2012,320988.0,457.27484,M,Reading
Europe,ISL,2015,331068.0,460.1036,M,Reading
Europe,ISL,2018,352951.0,453.5363,M,Reading
Europe,ISL,2022,372903.0,418.53436,M,Reading
Asia,IDN,2006,231797424.0,384.20264,M,Reading
Asia,IDN,2009,240981296.0,383.2723,M,Reading
Asia,IDN,2012,250222688.0,382.2541,M,Reading
Asia,IDN,2015,259091968.0,385.56415,M,Reading
Asia,IDN,2018,267066848.0,358.0936,M,Reading
Asia,IDN,2022,275501344.0,346.82544,M,Reading
Europe,IRL,2006,4234809.0,500.22733,M,Reading
Europe,IRL,2009,4499797.0,476.29645,M,Reading
Europe,IRL,2012,4564550.0,509.15253,M,Reading
Europe,IRL,2015,4665764.0,514.9914,M,Reading
Europe,IRL,2018,4834506.0,506.3994,M,Reading
Europe,IRL,2022,5023108.0,507.08655,M,Reading
Oceania,ISR,2006,6832082.0,417.48532,M,Reading
Oceania,ISR,2009,7199704.0,452.48077,M,Reading
Oceania,ISR,2012,7592099.0,463.45987,M,Reading
Oceania,ISR,2015,8007777.0,467.30255,M,Reading
Oceania,ISR,2018,8456487.0,445.0654,M,Reading
Oceania,ISR,2022,9038313.0,462.4511,M,Reading
Europe,ITA,2006,58429904.0,447.6988,M,Reading
Europe,ITA,2009,59562844.0,463.833,M,Reading
Europe,ITA,2012,60190152.0,470.93817,M,Reading
Europe,ITA,2015,60232908.0,476.7038,M,Reading
Europe,ITA,2018,59877432.0,464.34668,M,Reading
Europe,ITA,2022,59037472.0,471.86542,M,Reading
Asia,JPN,2006,127902168.0,482.70813,M,Reading
Asia,JPN,2009,128117040.0,501.02298,M,Reading
Asia,JPN,2012,127853688.0,526.6178,M,Reading
Asia,JPN,2015,127250936.0,509.37402,M,Reading
Asia,JPN,2018,126255872.0,493.3988,M,Reading
Asia,JPN,2022,123951696.0,507.51657,M,Reading
Asia,JOR,2006,6075550.0,372.76688,M,Reading
Asia,JOR,2009,6780508.0,376.80145,M,Reading
Asia,JOR,2012,7211866.0,361.16745,M,Reading
Asia,JOR,2015,9494250.0,371.91238,M,Reading
Asia,JOR,2018,10459864.0,393.06415,M,Reading
Asia,JOR,2022,11285875.0,318.29538,M,Reading
Asia,KAZ,2009,16402365.0,369.34537,M,Reading
Asia,KAZ,2012,17102868.0,374.24963,M,Reading
Asia,KAZ,2015,17835908.0,419.42822,M,Reading
Asia,KAZ,2018,18538100.0,373.84595,M,Reading
Asia,KAZ,2022,19397998.0,372.8619,M,Reading
Europe,LVA,2006,2203917.0,453.82828,M,Reading
Europe,LVA,2009,2126268.0,459.95212,M,Reading
Europe,LVA,2012,2053635.0,461.5743,M,Reading
Europe,LVA,2015,1991951.0,466.75522,M,Reading
Europe,LVA,2018,1935632.0,462.04367,M,Reading
Europe,LVA,2022,1850654.0,460.61743,M,Reading
Europe,LTU,2006,3322937.0,444.82217,M,Reading
Europe,LTU,2009,3180482.0,439.48334,M,Reading
Europe,LTU,2012,3063340.0,449.96484,M,Reading
Europe,LTU,2015,2963764.0,453.15665,M,Reading
Europe,LTU,2018,2876128.0,456.96524,M,Reading
Europe,LTU,2022,2750058.0,456.29214,M,Reading
Europe,LUX,2006,472402.0,463.71503,M,Reading
Europe,LUX,2009,497876.0,452.7332,M,Reading
Europe,LUX,2012,530596.0,473.04565,M,Reading
Europe,LUX,2015,569415.0,470.697,M,Reading
Europe,LUX,2018,607920.0,455.56326,M,Reading
Asia,MAC,2006,501870.0,479.42194,M,Reading
Asia,MAC,2009,543026.0,469.75024,M,Reading
Asia,MAC,2012,582776.0,491.57382,M,Reading
Asia,MAC,2015,615243.0,492.96136,M,Reading
Asia,MAC,2018,650996.0,514.2577,M,Reading
Asia,MAC,2022,695180.0,503.40805,M,Reading
North America,MEX,2006,106886792.0,393.0617,M,Reading
North America,MEX,2009,111049424.0,412.6532,M,Reading
North America,MEX,2012,115755912.0,411.36548,M,Reading
North America,MEX,2015,120149896.0,415.53983,M,Reading
North America,MEX,2018,124013864.0,414.68277,M,Reading
North America,MEX,2022,127504120.0,411.21902,M,Reading
Europe,MNE,2006,632551.0,370.18045,M,Reading
Europe,MNE,2009,631187.0,381.87802,M,Reading
Europe,MNE,2012,633053.0,391.2594,M,Reading
Europe,MNE,2015,633969.0,410.35037,M,Reading
Europe,MNE,2018,631459.0,406.57733,M,Reading
Europe,MNE,2022,627082.0,387.62778,M,Reading
Europe,NLD,2006,16325679.0,494.89462,M,Reading
Europe,NLD,2009,16536200.0,496.16824,M,Reading
Europe,NLD,2012,16785296.0,498.3174,M,Reading
Europe,NLD,2015,17041110.0,491.13672,M,Reading
Europe,NLD,2018,17286042.0,470.3961,M,Reading
Europe,NLD,2022,17564020.0,446.6573,M,Reading
Oceania,NZL,2006,4179986.0,501.74026,M,Reading
Oceania,NZL,2009,4302884.0,498.5246,M,Reading
Oceania,NZL,2012,4410285.0,495.36526,M,Reading
Oceania,NZL,2015,4590591.0,493.2258,M,Reading
Oceania,NZL,2018,4838528.0,491.41928,M,Reading
Oceania,NZL,2022,5185289.0,488.00476,M,Reading
Europe,NOR,2006,4661081.0,462.09717,M,Reading
Europe,NOR,2009,4829195.0,480.12326,M,Reading
Europe,NOR,2012,5019058.0,481.284,M,Reading
Europe,NOR,2015,5190357.0,493.53674,M,Reading
Europe,NOR,2018,5312321.0,476.21655,M,Reading
Europe,NOR,2022,5434324.0,456.2171,M,Reading
South America,PER,2009,29009326.0,358.73038,M,Reading
South America,PER,2012,29749592.0,372.9887,M,Reading
South America,PER,2015,30711864.0,393.69522,M,Reading
South America,PER,2018,32203946.0,395.36102,M,Reading
South America,PER,2022,34049588.0,404.19086,M,Reading
Europe,POL,2006,38547180.0,487.4419,M,Reading
Europe,POL,2009,38555288.0,475.65997,M,Reading
Europe,POL,2012,38625872.0,496.706,M,Reading
Europe,POL,2015,38553148.0,491.24463,M,Reading
Europe,POL,2018,38521464.0,495.45013,M,Reading
Europe,POL,2022,39857144.0,474.5973,M,Reading
Europe,PRT,2006,10543946.0,455.32812,M,Reading
Europe,PRT,2009,10591341.0,469.87915,M,Reading
Europe,PRT,2012,10522085.0,468.39032,M,Reading
Europe,PRT,2015,10365436.0,489.86288,M,Reading
Europe,PRT,2018,10289833.0,479.84854,M,Reading
Europe,PRT,2022,10270857.0,466.26895,M,Reading
Asia,QAT,2006,1015064.0,279.65683,M,Reading
Asia,QAT,2009,1610281.0,347.07578,M,Reading
Asia,QAT,2012,1905670.0,353.5257,M,Reading
Asia,QAT,2015,2414580.0,376.07657,M,Reading
Asia,QAT,2018,2766743.0,374.8828,M,Reading
Asia,QAT,2022,2695131.0,399.33975,M,Reading
Europe,ROU,2006,20909406.0,373.8347,M,Reading
Europe,ROU,2009,20466318.0,402.79324,M,Reading
Europe,ROU,2012,20137112.0,417.00107,M,Reading
Europe,ROU,2015,19906078.0,424.76657,M,Reading
Europe,ROU,2018,19606778.0,411.26483,M,Reading
Europe,ROU,2022,19659270.0,415.3278,M,Reading
Europe,RUS,2006,143338672.0,420.11346,M,Reading
Europe,RUS,2009,143163648.0,436.8755,M,Reading
Europe,RUS,2012,143629360.0,455.14664,M,Reading
Europe,RUS,2015,144668384.0,481.37436,M,Reading
Europe,RUS,2018,145652288.0,465.77567,M,Reading
Asia,SGP,2009,5010707.0,510.5554,M,Reading
Asia,SGP,2012,5381003.0,526.50745,M,Reading
Asia,SGP,2015,5650020.0,525.31525,M,Reading
Asia,SGP,2018,5814543.0,538.08606,M,Reading
Asia,SGP,2022,5975689.0,532.95325,M,Reading
Europe,SVK,2006,5377239.0,446.10492,M,Reading
Europe,SVK,2009,5388934.0,451.55368,M,Reading
Europe,SVK,2012,5409283.0,444.0807,M,Reading
Europe,SVK,2015,5424449.0,435.2488,M,Reading
Europe,SVK,2018,5446746.0,440.65164,M,Reading
Europe,SVK,2022,5643455.0,432.92517,M,Reading
Europe,SVN,2006,2013577.0,467.49814,M,Reading
Europe,SVN,2009,2045578.0,456.21872,M,Reading
Europe,SVN,2012,2069365.0,454.4655,M,Reading
Europe,SVN,2015,2080865.0,484.30984,M,Reading
Europe,SVN,2018,2105931.0,474.9883,M,Reading
Europe,SVN,2022,2119843.0,447.29874,M,Reading
Asia,KOR,2006,48049348.0,538.7551,M,Reading
Asia,KOR,2009,48588024.0,522.50336,M,Reading
Asia,KOR,2012,49634188.0,524.96466,M,Reading
Asia,KOR,2015,50994396.0,498.069,M,Reading
Asia,KOR,2018,51676900.0,502.84015,M,Reading
Asia,KOR,2022,51815808.0,499.10666,M,Reading
Europe,ESP,2006,44422824.0,443.3293,M,Reading
Europe,ESP,2009,46367772.0,466.8204,M,Reading
Europe,ESP,2012,46756084.0,473.80624,M,Reading
Europe,ESP,2015,46431344.0,485.44113,M,Reading
Europe,ESP,2022,47558632.0,461.79257,M,Reading
Europe,SWE,2006,9104724.0,487.59045,M,Reading
Europe,SWE,2009,9301413.0,475.0513,M,Reading
Europe,SWE,2012,9555984.0,457.99112,M,Reading
Europe,SWE,2015,9849344.0,480.7183,M,Reading
Europe,SWE,2018,10162300.0,488.6312,M,Reading
Europe,SWE,2022,10549349.0,468.89902,M,Reading
Europe,CHE,2006,7475014.0,484.3534,M,Reading
Europe,CHE,2009,7734402.0,481.44077,M,Reading
Europe,CHE,2012,7995738.0,491.07422,M,Reading
Europe,CHE,2015,8281735.0,480.07953,M,Reading
Europe,CHE,2018,8514431.0,469.44736,M,Reading
Europe,CHE,2022,8740471.0,471.61493,M,Reading
Asia,TWN,2006,22874972.0,486.10175,M,Reading
Asia,TWN,2009,23044086.0,476.9587,M,Reading
Asia,TWN,2012,23234064.0,506.66714,M,Reading
Asia,TWN,2015,23512136.0,484.60663,M,Reading
Asia,TWN,2018,23726186.0,491.69922,M,Reading
Asia,TWN,2022,23893396.0,502.13074,M,Reading
Asia,THA,2006,66319528.0,385.56677,M,Reading
Asia,THA,2009,67813656.0,400.01215,M,Reading
Asia,THA,2012,69157024.0,410.43655,M,Reading
Asia,THA,2015,70294408.0,391.58478,M,Reading
Asia,THA,2018,71127808.0,372.18365,M,Reading
Asia,THA,2022,71697024.0,364.82483,M,Reading
Asia,TUR,2006,69601328.0,427.34985,M,Reading
Asia,TUR,2009,72225648.0,443.46082,M,Reading
Asia,TUR,2012,75277440.0,452.84314,M,Reading
Asia,TUR,2015,79646176.0,414.43958,M,Reading
Asia,TUR,2018,82809304.0,453.1004,M,Reading
Asia,TUR,2022,85341248.0,443.62732,M,Reading
Europe,GBR,2006,60803700.0,480.3699,M,Reading
Europe,GBR,2009,62243384.0,481.38312,M,Reading
Europe,GBR,2012,63808728.0,486.63086,M,Reading
Europe,GBR,2015,65224368.0,487.1961,M,Reading
Europe,GBR,2018,66432996.0,493.57425,M,Reading
Europe,GBR,2022,67508936.0,486.29022,M,Reading
North America,USA,2009,308512032.0,487.78848,M,Reading
North America,USA,2012,316651328.0,482.49844,M,Reading
North America,USA,2015,324607776.0,486.9014,M,Reading
North America,USA,2018,332140032.0,493.83203,M,Reading
North America,USA,2022,338289856.0,493.03098,M,Reading
South America,URY,2006,3322282.0,389.39893,M,Reading
South America,URY,2009,3344161.0,403.72037,M,Reading
South America,URY,2012,3371134.0,392.49066,M,Reading
South America,URY,2015,3402820.0,424.29688,M,Reading
South America,URY,2018,3427044.0,415.1269,M,Reading
South America,URY,2022,3422796.0,422.93103,M,Reading
Europe,ALB,2009,2930553.0,382.90045,F,Math
Europe,ALB,2012,2892191.0,394.67328,F,Math
Europe,ALB,2015,2882482.0,417.75003,F,Math
Europe,ALB,2018,2877019.0,439.72778,F,Math
Europe,ALB,2022,2842318.0,378.11514,F,Math
South America,ARG,2006,39476856.0,375.18512,F,Math
South America,ARG,2009,40684344.0,383.23483,F,Math
South America,ARG,2012,41952364.0,381.7037,F,Math
South America,ARG,2015,43257064.0,400.4431,F,Math
South America,ARG,2018,44413592.0,371.84836,F,Math
South America,ARG,2022,45510324.0,372.03882,F,Math
Oceania,AUS,2006,20467032.0,512.5325,F,Math
Oceania,AUS,2009,21660898.0,509.48065,F,Math
Oceania,AUS,2012,22729272.0,497.82135,F,Math
Oceania,AUS,2015,23820240.0,490.9855,F,Math
Oceania,AUS,2018,24979228.0,488.29666,F,Math
Oceania,AUS,2022,26177410.0,481.34256,F,Math
Europe,AUT,2006,8267771.0,493.9622,F,Math
Europe,AUT,2009,8342939.0,486.4994,F,Math
Europe,AUT,2012,8429641.0,494.46225,F,Math
Europe,AUT,2015,8642422.0,483.13303,F,Math
Europe,AUT,2018,8840518.0,492.2009,F,Math
Europe,AUT,2022,8939617.0,477.54532,F,Math
Europe,BEL,2006,10582970.0,516.7059,F,Math
Europe,BEL,2009,10801357.0,504.15692,F,Math
Europe,BEL,2012,11031140.0,508.9346,F,Math
Europe,BEL,2015,11248306.0,499.739,F,Math
Europe,BEL,2018,11448598.0,502.04684,F,Math
Europe,BEL,2022,11655923.0,485.7286,F,Math
South America,BRA,2006,188820688.0,360.87012,F,Math
South America,BRA,2009,194517552.0,378.53897,F,Math
South America,BRA,2012,199977712.0,380.48676,F,Math
South America,BRA,2015,205188208.0,369.54932,F,Math
South America,BRA,2018,210166592.0,379.26947,F,Math
South America,BRA,2022,215313504.0,374.64868,F,Math
Asia,BGR,2006,7766040.0,415.3749,F,Math
Asia,BGR,2009,7634737.0,430.01367,F,Math
Asia,BGR,2012,7488347.0,440.01263,F,Math
Asia,BGR,2015,7309255.0,442.16312,F,Math
Asia,BGR,2018,7117424.0,436.90427,F,Math
Asia,BGR,2022,6781955.0,420.32513,F,Math
North America,CAN,2006,32531864.0,519.8627,F,Math
North America,CAN,2009,33593920.0,520.83203,F,Math
North America,CAN,2012,34691876.0,513.0191,F,Math
North America,CAN,2015,35732120.0,511.14172,F,Math
North America,CAN,2018,37035260.0,509.54626,F,Math
North America,CAN,2022,38454328.0,490.71133,F,Math
South America,CHL,2006,16334573.0,396.28433,F,Math
South America,CHL,2009,16833450.0,410.37592,F,Math
South America,CHL,2012,17341770.0,410.54324,F,Math
South America,CHL,2015,17870122.0,413.44897,F,Math
South America,CHL,2018,18701452.0,413.62677,F,Math
South America,CHL,2022,19603736.0,403.36914,F,Math
South America,COL,2006,42772912.0,359.80817,F,Math
South America,COL,2009,44313916.0,365.52032,F,Math
South America,COL,2012,45782420.0,364.49387,F,Math
South America,COL,2015,47119728.0,384.48834,F,Math
South America,COL,2018,49276968.0,381.36526,F,Math
South America,COL,2022,51874028.0,378.39865,F,Math
Europe,HRV,2006,4417562.0,460.53568,F,Math
Europe,HRV,2009,4382142.0,454.27863,F,Math
Europe,HRV,2012,4331592.0,465.23895,F,Math
Europe,HRV,2015,4254821.0,457.96118,F,Math
Europe,HRV,2018,4160488.0,459.92203,F,Math
Europe,HRV,2022,4030361.0,459.75385,F,Math
Europe,CZE,2006,10304822.0,503.90585,F,Math
Europe,CZE,2009,10421515.0,490.17874,F,Math
Europe,CZE,2012,10511065.0,492.90323,F,Math
Europe,CZE,2015,10523801.0,488.66562,F,Math
Europe,CZE,2018,10534598.0,497.6716,F,Math
Europe,CZE,2022,10493990.0,483.23355,F,Math
Europe,DNK,2006,5457863.0,507.9034,F,Math
Europe,DNK,2009,5526455.0,495.2928,F,Math
Europe,DNK,2012,5600955.0,493.02875,F,Math
Europe,DNK,2015,5677795.0,506.37476,F,Math
Europe,DNK,2018,5766689.0,507.4543,F,Math
Europe,DNK,2022,5882259.0,483.32324,F,Math
Europe,EST,2006,1346711.0,513.84283,F,Math
Europe,EST,2009,1334557.0,507.53738,F,Math
Europe,EST,2012,1322682.0,517.9298,F,Math
Europe,EST,2015,1314658.0,516.87274,F,Math
Europe,EST,2018,1322146.0,519.187,F,Math
Europe,EST,2022,1326064.0,506.69025,F,Math
Europe,FIN,2006,5266249.0,542.54596,F,Math
Europe,FIN,2009,5338813.0,539.21246,F,Math
Europe,FIN,2012,5413865.0,520.1855,F,Math
Europe,FIN,2015,5479457.0,514.965,F,Math
Europe,FIN,2018,5515465.0,510.4057,F,Math
Europe,FIN,2022,5540745.0,486.7237,F,Math
Europe,FRA,2006,60919152.0,492.4048,F,Math
Europe,FRA,2009,62093300.0,488.85562,F,Math
Europe,FRA,2012,63071412.0,490.85263,F,Math
Europe,FRA,2015,63809768.0,489.95404,F,Math
Europe,FRA,2018,64277812.0,492.18463,F,Math
Europe,FRA,2022,64626624.0,469.14087,F,Math
Europe,DEU,2006,81177816.0,493.72678,F,Math
Europe,DEU,2009,81260624.0,504.8247,F,Math
Europe,DEU,2012,81545568.0,506.62454,F,Math
Europe,DEU,2015,82073232.0,497.53107,F,Math
Europe,DEU,2018,82896696.0,496.2463,F,Math
Europe,DEU,2022,83369840.0,469.04053,F,Math
Europe,GRC,2006,11106097.0,456.8487,F,Math
Europe,GRC,2009,11055503.0,459.30707,F,Math
Europe,GRC,2012,10963633.0,448.9844,F,Math
Europe,GRC,2015,10806644.0,453.5732,F,Math
Europe,GRC,2018,10633275.0,451.20688,F,Math
Europe,GRC,2022,10384972.0,427.14774,F,Math
Asia,HKG,2006,6960600.0,539.7811,F,Math
Asia,HKG,2009,7094600.0,547.2024,F,Math
Asia,HKG,2012,7234062.0,552.95654,F,Math
Asia,HKG,2015,7399845.0,546.7682,F,Math
Asia,HKG,2018,7481563.0,553.9969,F,Math
Asia,HKG,2022,7488863.0,535.7127,F,Math
Europe,HUN,2006,10057063.0,485.65045,F,Math
Europe,HUN,2009,10008581.0,484.11063,F,Math
Europe,HUN,2012,9922133.0,472.6635,F,Math
Europe,HUN,2015,9844250.0,472.7395,F,Math
Europe,HUN,2018,9776361.0,476.7171,F,Math
Europe,HUN,2022,9967304.0,465.34106,F,Math
Europe,ISL,2006,304086.0,507.80536,F,Math
Europe,ISL,2009,318809.0,504.94543,F,Math
Europe,ISL,2012,320988.0,495.94693,F,Math
Europe,ISL,2015,331068.0,488.58698,F,Math
Europe,ISL,2018,352951.0,500.06256,F,Math
Europe,ISL,2022,372903.0,457.18365,F,Math
Asia,IDN,2006,231797424.0,382.20114,F,Math
Asia,IDN,2009,240981296.0,371.94327,F,Math
Asia,IDN,2012,250222688.0,372.78452,F,Math
Asia,IDN,2015,259091968.0,387.44498,F,Math
Asia,IDN,2018,267066848.0,383.44672,F,Math
Asia,IDN,2022,275501344.0,368.63916,F,Math
Europe,IRL,2006,4234809.0,495.807,F,Math
Europe,IRL,2009,4499797.0,483.31805,F,Math
Europe,IRL,2012,4564550.0,493.70474,F,Math
Europe,IRL,2015,4665764.0,495.44498,F,Math
Europe,IRL,2018,4834506.0,496.67618,F,Math
Europe,IRL,2022,5023108.0,485.1204,F,Math
Oceania,ISR,2006,6832082.0,435.88992,F,Math
Oceania,ISR,2009,7199704.0,442.81662,F,Math
Oceania,ISR,2012,7592099.0,460.74924,F,Math
Oceania,ISR,2015,8007777.0,465.51685,F,Math
Oceania,ISR,2018,8456487.0,467.38635,F,Math
Oceania,ISR,2022,9038313.0,452.21875,F,Math
Europe,ITA,2006,58429904.0,453.4598,F,Math
Europe,ITA,2009,59562844.0,475.40414,F,Math
Europe,ITA,2012,60190152.0,475.7943,F,Math
Europe,ITA,2015,60232908.0,479.82373,F,Math
Europe,ITA,2018,59877432.0,478.54868,F,Math
Europe,ITA,2022,59037472.0,460.91284,F,Math
Asia,JPN,2006,127902168.0,513.20996,F,Math
Asia,JPN,2009,128117040.0,524.13086,F,Math
Asia,JPN,2012,127853688.0,527.0112,F,Math
Asia,JPN,2015,127250936.0,525.496,F,Math
Asia,JPN,2018,126255872.0,522.0346,F,Math
Asia,JPN,2022,123951696.0,531.14746,F,Math
Asia,JOR,2006,6075550.0,387.5082,F,Math
Asia,JOR,2009,6780508.0,386.91132,F,Math
Asia,JOR,2012,7211866.0,395.8415,F,Math
Asia,JOR,2015,9494250.0,387.3772,F,Math
Asia,JOR,2018,10459864.0,402.78326,F,Math
Asia,JOR,2022,11285875.0,368.46002,F,Math
Asia,KAZ,2009,16402365.0,405.15802,F,Math
Asia,KAZ,2012,17102868.0,431.55743,F,Math
Asia,KAZ,2015,17835908.0,460.57715,F,Math
Asia,KAZ,2018,18538100.0,422.482,F,Math
Asia,KAZ,2022,19397998.0,425.54648,F,Math
Europe,LVA,2006,2203917.0,483.62845,F,Math
Europe,LVA,2009,2126268.0,481.041,F,Math
Europe,LVA,2012,2053635.0,492.52133,F,Math
Europe,LVA,2015,1991951.0,483.25726,F,Math
Europe,LVA,2018,1935632.0,492.79474,F,Math
Europe,LVA,2022,1850654.0,478.4573,F,Math
Europe,LTU,2006,3322937.0,485.33298,F,Math
Europe,LTU,2009,3180482.0,479.75293,F,Math
Europe,LTU,2012,3063340.0,478.7358,F,Math
Europe,LTU,2015,2963764.0,479.01776,F,Math
Europe,LTU,2018,2876128.0,482.4538,F,Math
Europe,LTU,2022,2750058.0,472.59616,F,Math
Europe,LUX,2006,472402.0,481.61432,F,Math
Europe,LUX,2009,497876.0,479.24207,F,Math
Europe,LUX,2012,530596.0,477.11682,F,Math
Europe,LUX,2015,569415.0,480.13602,F,Math
Europe,LUX,2018,607920.0,479.62448,F,Math
Asia,MAC,2006,501870.0,519.557,F,Math
Asia,MAC,2009,543026.0,519.6023,F,Math
Asia,MAC,2012,582776.0,536.6749,F,Math
Asia,MAC,2015,615243.0,547.92267,F,Math
Asia,MAC,2018,650996.0,555.7673,F,Math
Asia,MAC,2022,695180.0,543.994,F,Math
North America,MEX,2006,106886792.0,401.32703,F,Math
North America,MEX,2009,111049424.0,411.76968,F,Math
North America,MEX,2012,115755912.0,406.4269,F,Math
North America,MEX,2015,120149896.0,404.33487,F,Math
North America,MEX,2018,124013864.0,403.16562,F,Math
North America,MEX,2022,127504120.0,389.34753,F,Math
Europe,MNE,2006,632551.0,393.29318,F,Math
Europe,MNE,2009,631187.0,396.30743,F,Math
Europe,MNE,2012,633053.0,409.556,F,Math
Europe,MNE,2015,633969.0,417.72653,F,Math
Europe,MNE,2018,631459.0,425.3161,F,Math
Europe,MNE,2022,627082.0,405.77054,F,Math
Europe,NLD,2006,16325679.0,524.12994,F,Math
Europe,NLD,2009,16536200.0,517.30695,F,Math
Europe,NLD,2012,16785296.0,517.7378,F,Math
Europe,NLD,2015,17041110.0,511.01593,F,Math
Europe,NLD,2018,17286042.0,518.54755,F,Math
Europe,NLD,2022,17564020.0,487.20282,F,Math
Oceania,NZL,2006,4179986.0,516.84595,F,Math
Oceania,NZL,2009,4302884.0,515.34564,F,Math
Oceania,NZL,2012,4410285.0,492.05707,F,Math
Oceania,NZL,2015,4590591.0,490.9219,F,Math
Oceania,NZL,2018,4838528.0,490.0215,F,Math
Oceania,NZL,2022,5185289.0,473.7963,F,Math
Europe,NOR,2006,4661081.0,486.65765,F,Math
Europe,NOR,2009,4829195.0,495.40192,F,Math
Europe,NOR,2012,5019058.0,488.2932,F,Math
Europe,NOR,2015,5190357.0,502.87366,F,Math
Europe,NOR,2018,5312321.0,504.50543,F,Math
Europe,NOR,2022,5434324.0,468.78882,F,Math
South America,PER,2009,29009326.0,356.2148,F,Math
South America,PER,2012,29749592.0,358.92136,F,Math
South America,PER,2015,30711864.0,381.79715,F,Math
South America,PER,2018,32203946.0,391.50815,F,Math
South America,PER,2022,34049588.0,383.65448,F,Math
Europe,POL,2006,38547180.0,490.91864,F,Math
Europe,POL,2009,38555288.0,493.05283,F,Math
Europe,POL,2012,38625872.0,515.5326,F,Math
Europe,POL,2015,38553148.0,498.64667,F,Math
Europe,POL,2018,38521464.0,514.9485,F,Math
Europe,POL,2022,39857144.0,486.1626,F,Math
Europe,PRT,2006,10543946.0,458.95938,F,Math
Europe,PRT,2009,10591341.0,481.1365,F,Math
Europe,PRT,2012,10522085.0,481.29578,F,Math
Europe,PRT,2015,10365436.0,486.59973,F,Math
Europe,PRT,2018,10289833.0,487.9131,F,Math
Europe,PRT,2022,10270857.0,466.5158,F,Math
Asia,QAT,2006,1015064.0,325.1447,F,Math
Asia,QAT,2009,1610281.0,370.8034,F,Math
Asia,QAT,2012,1905670.0,384.66452,F,Math
Asia,QAT,2015,2414580.0,408.32144,F,Math
Asia,QAT,2018,2766743.0,426.3958,F,Math
Asia,QAT,2022,2695131.0,418.10458,F,Math
Europe,ROU,2006,20909406.0,411.52783,F,Math
Europe,ROU,2009,20466318.0,425.39578,F,Math
Europe,ROU,2012,20137112.0,442.6742,F,Math
Europe,ROU,2015,19906078.0,443.651,F,Math
Europe,ROU,2018,19606778.0,427.2199,F,Math
Europe,ROU,2022,19659270.0,425.21957,F,Math
Europe,RUS,2006,143338672.0,473.02707,F,Math
Europe,RUS,2009,143163648.0,466.73242,F,Math
Europe,RUS,2012,143629360.0,482.94437,F,Math
Europe,RUS,2015,144668384.0,491.12192,F,Math
Europe,RUS,2018,145652288.0,485.4571,F,Math
Asia,SGP,2009,5010707.0,559.36194,F,Math
Asia,SGP,2012,5381003.0,575.14154,F,Math
Asia,SGP,2015,5650020.0,564.2545,F,Math
Asia,SGP,2018,5814543.0,566.8936,F,Math
Asia,SGP,2022,5975689.0,568.4881,F,Math
Europe,SVK,2006,5377239.0,484.73547,F,Math
Europe,SVK,2009,5388934.0,495.39548,F,Math
Europe,SVK,2012,5409283.0,476.71164,F,Math
Europe,SVK,2015,5424449.0,472.2708,F,Math
Europe,SVK,2018,5446746.0,483.90195,F,Math
Europe,SVK,2022,5643455.0,463.2709,F,Math
Europe,SVN,2006,2013577.0,502.06757,F,Math
Europe,SVN,2009,2045578.0,500.798,F,Math
Europe,SVN,2012,2069365.0,499.38733,F,Math
Europe,SVN,2015,2080865.0,507.94922,F,Math
Europe,SVN,2018,2105931.0,508.59018,F,Math
Europe,SVN,2022,2119843.0,485.40277,F,Math
Asia,KOR,2006,48049348.0,542.76483,F,Math
Asia,KOR,2009,48588024.0,544.45264,F,Math
Asia,KOR,2012,49634188.0,544.1931,F,Math
Asia,KOR,2015,50994396.0,527.75665,F,Math
Asia,KOR,2018,51676900.0,523.814,F,Math
Asia,KOR,2022,51815808.0,524.64233,F,Math
Europe,ESP,2006,44422824.0,475.62994,F,Math
Europe,ESP,2009,46367772.0,473.89886,F,Math
Europe,ESP,2012,46756084.0,475.96466,F,Math
Europe,ESP,2015,46431344.0,477.85925,F,Math
Europe,ESP,2018,46792044.0,478.13593,F,Math
Europe,ESP,2022,47558632.0,468.01498,F,Math
Europe,SWE,2006,9104724.0,499.72458,F,Math
Europe,SWE,2009,9301413.0,495.12823,F,Math
Europe,SWE,2012,9555984.0,479.62897,F,Math
Europe,SWE,2015,9849344.0,495.05255,F,Math
Europe,SWE,2018,10162300.0,503.01282,F,Math
Europe,SWE,2022,10549349.0,480.66458,F,Math
Europe,CHE,2006,7475014.0,522.71655,F,Math
Europe,CHE,2009,7734402.0,523.8593,F,Math
Europe,CHE,2012,7995738.0,524.4727,F,Math
Europe,CHE,2015,8281735.0,514.98315,F,Math
Europe,CHE,2018,8514431.0,511.5964,F,Math
Europe,CHE,2022,8740471.0,502.47095,F,Math
Asia,TWN,2006,22874972.0,542.5086,F,Math
Asia,TWN,2009,23044086.0,540.7028,F,Math
Asia,TWN,2012,23234064.0,557.2202,F,Math
Asia,TWN,2015,23512136.0,539.44147,F,Math
Asia,TWN,2018,23726186.0,529.36383,F,Math
Asia,TWN,2022,23893396.0,544.19,F,Math
Asia,THA,2006,66319528.0,419.88556,F,Math
Asia,THA,2009,67813656.0,417.0108,F,Math
Asia,THA,2012,69157024.0,432.71738,F,Math
Asia,THA,2015,70294408.0,416.72968,F,Math
Asia,THA,2018,71127808.0,426.03122,F,Math
Asia,THA,2022,71697024.0,396.82892,F,Math
Asia,TUR,2006,69601328.0,420.73434,F,Math
Asia,TUR,2009,72225648.0,439.80292,F,Math
Asia,TUR,2012,75277440.0,443.94788,F,Math
Asia,TUR,2015,79646176.0,417.527,F,Math
Asia,TUR,2018,82809304.0,451.0151,F,Math
Asia,TUR,2022,85341248.0,450.2904,F,Math
Europe,GBR,2006,60803700.0,487.16788,F,Math
Europe,GBR,2009,62243384.0,482.3636,F,Math
Europe,GBR,2012,63808728.0,487.81488,F,Math
Europe,GBR,2015,65224368.0,486.5746,F,Math
Europe,GBR,2018,66432996.0,495.85837,F,Math
Europe,GBR,2022,67508936.0,481.67358,F,Math
North America,USA,2006,299753088.0,470.06067,F,Math
North America,USA,2009,308512032.0,476.99258,F,Math
North America,USA,2012,316651328.0,478.99533,F,Math
North America,USA,2015,324607776.0,465.36853,F,Math
North America,USA,2018,332140032.0,473.84622,F,Math
North America,USA,2022,338289856.0,458.13904,F,Math
South America,URY,2006,3322282.0,420.4865,F,Math
South America,URY,2009,3344161.0,420.94012,F,Math
South America,URY,2012,3371134.0,403.94562,F,Math
South America,URY,2015,3402820.0,411.50235,F,Math
South America,URY,2018,3427044.0,413.67343,F,Math
South America,URY,2022,3422796.0,403.20218,F,Math
Europe,ALB,2009,2930553.0,372.29266,M,Math
Europe,ALB,2012,2892191.0,394.00763,M,Math
Europe,ALB,2015,2882482.0,408.54547,M,Math
Europe,ALB,2018,2877019.0,434.81738,M,Math
Europe,ALB,2022,2842318.0,359.06293,M,Math
South America,ARG,2006,39476856.0,388.0734,M,Math
South America,ARG,2009,40684344.0,393.67184,M,Math
South America,ARG,2012,41952364.0,395.5573,M,Math
South America,ARG,2015,43257064.0,418.38837,M,Math
South America,ARG,2018,44413592.0,387.27936,M,Math
South America,ARG,2022,45510324.0,383.03476,M,Math
Oceania,AUS,2006,20467032.0,526.95435,M,Math
Oceania,AUS,2009,21660898.0,519.4178,M,Math
Oceania,AUS,2012,22729272.0,510.11484,M,Math
Oceania,AUS,2015,23820240.0,496.76135,M,Math
Oceania,AUS,2018,24979228.0,494.3238,M,Math
Oceania,AUS,2022,26177410.0,492.7133,M,Math
Europe,AUT,2006,8267771.0,516.58105,M,Math
Europe,AUT,2009,8342939.0,505.68307,M,Math
Europe,AUT,2012,8429641.0,516.6818,M,Math
Europe,AUT,2015,8642422.0,510.0982,M,Math
Europe,AUT,2018,8840518.0,505.48355,M,Math
Europe,AUT,2022,8939617.0,496.6009,M,Math
Europe,BEL,2006,10582970.0,523.65546,M,Math
Europe,BEL,2009,10801357.0,525.916,M,Math
Europe,BEL,2012,11031140.0,520.08124,M,Math
Europe,BEL,2015,11248306.0,514.00256,M,Math
Europe,BEL,2018,11448598.0,514.1316,M,Math
Europe,BEL,2022,11655923.0,493.37115,M,Math
South America,BRA,2006,188820688.0,379.5806,M,Math
South America,BRA,2009,194517552.0,394.0477,M,Math
South America,BRA,2012,199977712.0,397.16595,M,Math
South America,BRA,2015,205188208.0,385.0406,M,Math
South America,BRA,2018,210166592.0,387.87167,M,Math
South America,BRA,2022,215313504.0,382.76984,M,Math
Asia,BGR,2006,7766040.0,411.65564,M,Math
Asia,BGR,2009,7634737.0,426.25827,M,Math
Asia,BGR,2012,7488347.0,437.5512,M,Math
Asia,BGR,2015,7309255.0,440.31894,M,Math
Asia,BGR,2018,7117424.0,435.27725,M,Math
Asia,BGR,2022,6781955.0,414.66373,M,Math
North America,CAN,2006,32531864.0,534.07886,M,Math
North America,CAN,2009,33593920.0,532.70026,M,Math
North America,CAN,2012,34691876.0,523.14026,M,Math
North America,CAN,2015,35732120.0,520.16614,M,Math
North America,CAN,2018,37035260.0,514.451,M,Math
North America,CAN,2022,38454328.0,503.03662,M,Math
South America,CHL,2006,16334573.0,424.1798,M,Math
South America,CHL,2009,16833450.0,431.3327,M,Math
South America,CHL,2012,17341770.0,435.52463,M,Math
South America,CHL,2015,17870122.0,431.7981,M,Math
South America,CHL,2018,18701452.0,421.0918,M,Math
South America,CHL,2022,19603736.0,419.6559,M,Math
South America,COL,2006,42772912.0,381.85153,M,Math
South America,COL,2009,44313916.0,397.7099,M,Math
South America,COL,2012,45782420.0,389.96042,M,Math
South America,COL,2015,47119728.0,395.3911,M,Math
South America,COL,2018,49276968.0,400.88718,M,Math
South America,COL,2022,51874028.0,387.3418,M,Math
Europe,HRV,2006,4417562.0,473.96866,M,Math
Europe,HRV,2009,4382142.0,464.96146,M,Math
Europe,HRV,2012,4331592.0,476.79663,M,Math
Europe,HRV,2015,4254821.0,470.59866,M,Math
Europe,HRV,2018,4160488.0,468.54352,M,Math
Europe,HRV,2022,4030361.0,466.24802,M,Math
Europe,CZE,2006,10304822.0,514.4289,M,Math
Europe,CZE,2009,10421515.0,495.1306,M,Math
Europe,CZE,2012,10511065.0,504.71008,M,Math
Europe,CZE,2015,10523801.0,495.79416,M,Math
Europe,CZE,2018,10534598.0,501.18652,M,Math
Europe,CZE,2022,10493990.0,490.65738,M,Math
Europe,DNK,2006,5457863.0,518.20514,M,Math
Europe,DNK,2009,5526455.0,511.42642,M,Math
Europe,DNK,2012,5600955.0,506.95325,M,Math
Europe,DNK,2015,5677795.0,515.7565,M,Math
Europe,DNK,2018,5766689.0,511.33893,M,Math
Europe,DNK,2022,5882259.0,494.99423,M,Math
Europe,EST,2006,1346711.0,515.2738,M,Math
Europe,EST,2009,1334557.0,516.3591,M,Math
Europe,EST,2012,1322682.0,523.21423,M,Math
Europe,EST,2015,1314658.0,522.0804,M,Math
Europe,EST,2018,1322146.0,527.638,M,Math
Europe,EST,2022,1326064.0,513.00916,M,Math
Europe,FIN,2006,5266249.0,554.2535,M,Math
Europe,FIN,2009,5338813.0,541.79095,M,Math
Europe,FIN,2012,5413865.0,517.39087,M,Math
Europe,FIN,2015,5479457.0,507.45285,M,Math
Europe,FIN,2018,5515465.0,504.31244,M,Math
Europe,FIN,2022,5540745.0,481.65552,M,Math
Europe,FRA,2006,60919152.0,498.85913,M,Math
Europe,FRA,2009,62093300.0,505.11804,M,Math
Europe,FRA,2012,63071412.0,499.35477,M,Math
Europe,FRA,2015,63809768.0,495.9317,M,Math
Europe,FRA,2018,64277812.0,498.54483,M,Math
Europe,FRA,2022,64626624.0,478.93073,M,Math
Europe,DEU,2006,81177816.0,513.2368,M,Math
Europe,DEU,2009,81260624.0,520.39215,M,Math
Europe,DEU,2012,81545568.0,520.1901,M,Math
Europe,DEU,2015,82073232.0,514.1177,M,Math
Europe,DEU,2018,82896696.0,503.30792,M,Math
Europe,DEU,2022,83369840.0,480.41202,M,Math
Europe,GRC,2006,11106097.0,461.53113,M,Math
Europe,GRC,2009,11055503.0,473.1324,M,Math
Europe,GRC,2012,10963633.0,457.03876,M,Math
Europe,GRC,2015,10806644.0,453.68207,M,Math
Europe,GRC,2018,10633275.0,451.5292,M,Math
Europe,GRC,2022,10384972.0,433.0575,M,Math
Asia,HKG,2006,6960600.0,555.3566,M,Math
Asia,HKG,2009,7094600.0,561.04333,M,Math
Asia,HKG,2012,7234062.0,568.3777,M,Math
Asia,HKG,2015,7399845.0,549.06586,M,Math
Asia,HKG,2018,7481563.0,548.4599,M,Math
Asia,HKG,2022,7488863.0,544.4365,M,Math
Europe,HUN,2006,10057063.0,495.80356,M,Math
Europe,HUN,2009,10008581.0,496.12842,M,Math
Europe,HUN,2012,9922133.0,481.74905,M,Math
Europe,HUN,2015,9844250.0,480.90555,M,Math
Europe,HUN,2018,9776361.0,485.53024,M,Math
Europe,HUN,2022,9967304.0,480.1987,M,Math
Europe,ISL,2006,304086.0,503.31998,M,Math
Europe,ISL,2009,318809.0,508.41226,M,Math
Europe,ISL,2012,320988.0,489.71997,M,Math
Europe,ISL,2015,331068.0,487.44565,M,Math
Europe,ISL,2018,352951.0,490.24792,M,Math
Europe,ISL,2022,372903.0,460.5763,M,Math
Asia,IDN,2006,231797424.0,399.37192,M,Math
Asia,IDN,2009,240981296.0,370.64667,M,Math
Asia,IDN,2012,250222688.0,377.37552,M,Math
Asia,IDN,2015,259091968.0,384.77927,M,Math
Asia,IDN,2018,267066848.0,373.73453,M,Math
Asia,IDN,2022,275501344.0,362.25262,M,Math
Europe,IRL,2006,4234809.0,507.2716,M,Math
Europe,IRL,2009,4499797.0,490.8591,M,Math
Europe,IRL,2012,4564550.0,509.03482,M,Math
Europe,IRL,2015,4665764.0,511.57965,M,Math
Europe,IRL,2018,4834506.0,502.62357,M,Math
Europe,IRL,2022,5023108.0,497.84567,M,Math
Oceania,ISR,2006,6832082.0,447.91934,M,Math
Oceania,ISR,2009,7199704.0,451.05957,M,Math
Oceania,ISR,2012,7592099.0,472.39777,M,Math
Oceania,ISR,2015,8007777.0,473.99023,M,Math
Oceania,ISR,2018,8456487.0,458.19363,M,Math
Oceania,ISR,2022,9038313.0,463.43143,M,Math
Europe,ITA,2006,58429904.0,470.0668,M,Math
Europe,ITA,2009,59562844.0,490.00452,M,Math
Europe,ITA,2012,60190152.0,494.19943,M,Math
Europe,ITA,2015,60232908.0,499.76212,M,Math
Europe,ITA,2018,59877432.0,494.09067,M,Math
Europe,ITA,2022,59037472.0,481.97507,M,Math
Asia,JPN,2006,127902168.0,532.9437,M,Math
Asia,JPN,2009,128117040.0,533.55444,M,Math
Asia,JPN,2012,127853688.0,544.88446,M,Math
Asia,JPN,2015,127250936.0,539.2673,M,Math
Asia,JPN,2018,126255872.0,532.1561,M,Math
Asia,JPN,2022,123951696.0,540.06067,M,Math
Asia,JOR,2006,6075550.0,380.53098,M,Math
Asia,JOR,2009,6780508.0,386.41992,M,Math
Asia,JOR,2012,7211866.0,375.09937,M,Math
Asia,JOR,2015,9494250.0,373.0013,M,Math
Asia,JOR,2018,10459864.0,396.63126,M,Math
Asia,JOR,2022,11285875.0,353.47638,M,Math
Asia,KAZ,2009,16402365.0,404.61914,M,Math
Asia,KAZ,2012,17102868.0,432.0412,M,Math
Asia,KAZ,2015,17835908.0,459.10376,M,Math
Asia,KAZ,2018,18538100.0,423.77393,M,Math
Asia,KAZ,2022,19397998.0,425.33615,M,Math
Europe,LVA,2006,2203917.0,488.84482,M,Math
Europe,LVA,2009,2126268.0,482.89108,M,Math
Europe,LVA,2012,2053635.0,488.65546,M,Math
Europe,LVA,2015,1991951.0,481.35577,M,Math
Europe,LVA,2018,1935632.0,499.563,M,Math
Europe,LVA,2022,1850654.0,487.9616,M,Math
Europe,LTU,2006,3322937.0,487.47113,M,Math
Europe,LTU,2009,3180482.0,473.53854,M,Math
Europe,LTU,2012,3063340.0,478.90942,M,Math
Europe,LTU,2015,2963764.0,477.76773,M,Math
Europe,LTU,2018,2876128.0,479.9827,M,Math
Europe,LTU,2022,2750058.0,477.7459,M,Math
Europe,LUX,2006,472402.0,498.18982,M,Math
Europe,LUX,2009,497876.0,498.63513,M,Math
Europe,LUX,2012,530596.0,502.19266,M,Math
Europe,LUX,2015,569415.0,491.48306,M,Math
Europe,LUX,2018,607920.0,487.11444,M,Math
Asia,MAC,2006,501870.0,530.3161,M,Math
Asia,MAC,2009,543026.0,530.8272,M,Math
Asia,MAC,2012,582776.0,539.52203,M,Math
Asia,MAC,2015,615243.0,539.7238,M,Math
Asia,MAC,2018,650996.0,559.5229,M,Math
Asia,MAC,2022,695180.0,559.46155,M,Math
North America,MEX,2006,106886792.0,410.32068,M,Math
North America,MEX,2009,111049424.0,425.4121,M,Math
North America,MEX,2012,115755912.0,420.41068,M,Math
North America,MEX,2015,120149896.0,411.6105,M,Math
North America,MEX,2018,124013864.0,414.91782,M,Math
North America,MEX,2022,127504120.0,401.44818,M,Math
Europe,MNE,2006,632551.0,404.93878,M,Math
Europe,MNE,2009,631187.0,408.438,M,Math
Europe,MNE,2012,633053.0,409.69714,M,Math
Europe,MNE,2015,633969.0,418.13257,M,Math
Europe,MNE,2018,631459.0,433.55597,M,Math
Europe,MNE,2022,627082.0,405.4403,M,Math
Europe,NLD,2006,16325679.0,536.9414,M,Math
Europe,NLD,2009,16536200.0,534.4565,M,Math
Europe,NLD,2012,16785296.0,527.96655,M,Math
Europe,NLD,2015,17041110.0,513.49786,M,Math
Europe,NLD,2018,17286042.0,519.9109,M,Math
Europe,NLD,2022,17564020.0,497.85242,M,Math
Oceania,NZL,2006,4179986.0,527.4751,M,Math
Oceania,NZL,2009,4302884.0,523.0965,M,Math
Oceania,NZL,2012,4410285.0,507.11154,M,Math
Oceania,NZL,2015,4590591.0,499.47055,M,Math
Oceania,NZL,2018,4838528.0,498.88803,M,Math
Oceania,NZL,2022,5185289.0,484.1678,M,Math
Europe,NOR,2006,4661081.0,492.82645,M,Math
Europe,NOR,2009,4829195.0,500.3974,M,Math
Europe,NOR,2012,5019058.0,490.39938,M,Math
Europe,NOR,2015,5190357.0,500.61493,M,Math
Europe,NOR,2018,5312321.0,497.4985,M,Math
Europe,NOR,2022,5434324.0,468.12897,M,Math
South America,PER,2009,29009326.0,373.82303,M,Math
South America,PER,2012,29749592.0,377.81726,M,Math
South America,PER,2015,30711864.0,391.2786,M,Math
South America,PER,2018,32203946.0,407.83722,M,Math
South America,PER,2022,34049588.0,398.82236,M,Math
Europe,POL,2006,38547180.0,499.99982,M,Math
Europe,POL,2009,38555288.0,496.55118,M,Math
Europe,POL,2012,38625872.0,519.56384,M,Math
Europe,POL,2015,38553148.0,510.0877,M,Math
Europe,POL,2018,38521464.0,516.348,M,Math
Europe,POL,2022,39857144.0,491.67908,M,Math
Europe,PRT,2006,10543946.0,473.86755,M,Math
Europe,PRT,2009,10591341.0,492.905,M,Math
Europe,PRT,2012,10522085.0,492.70334,M,Math
Europe,PRT,2015,10365436.0,496.56058,M,Math
Europe,PRT,2018,10289833.0,496.93143,M,Math
Europe,PRT,2022,10270857.0,477.16522,M,Math
Asia,QAT,2006,1015064.0,310.932,M,Math
Asia,QAT,2009,1610281.0,365.5201,M,Math
Asia,QAT,2012,1905670.0,368.742,M,Math
Asia,QAT,2015,2414580.0,396.7547,M,Math
Asia,QAT,2018,2766743.0,402.40976,M,Math
Asia,QAT,2022,2695131.0,410.1642,M,Math
Europe,ROU,2006,20909406.0,418.08917,M,Math
Europe,ROU,2009,20466318.0,428.826,M,Math
Europe,ROU,2012,20137112.0,446.51324,M,Math
Europe,ROU,2015,19906078.0,444.2605,M,Math
Europe,ROU,2018,19606778.0,432.4558,M,Math
Europe,ROU,2022,19659270.0,430.28415,M,Math
Europe,RUS,2006,143338672.0,478.56177,M,Math
Europe,RUS,2009,143163648.0,468.91122,M,Math
Europe,RUS,2012,143629360.0,481.39413,M,Math
Europe,RUS,2015,144668384.0,497.0891,M,Math
Europe,RUS,2018,145652288.0,490.15445,M,Math
Asia,SGP,2009,5010707.0,564.58765,M,Math
Asia,SGP,2012,5381003.0,571.8637,M,Math
Asia,SGP,2015,5650020.0,564.129,M,Math
Asia,SGP,2018,5814543.0,571.0415,M,Math
Asia,SGP,2022,5975689.0,580.59344,M,Math
Europe,SVK,2006,5377239.0,499.0765,M,Math
Europe,SVK,2009,5388934.0,497.99457,M,Math
Europe,SVK,2012,5409283.0,486.1335,M,Math
Europe,SVK,2015,5424449.0,478.01477,M,Math
Europe,SVK,2018,5446746.0,488.45905,M,Math
Europe,SVK,2022,5643455.0,464.63968,M,Math
Europe,SVN,2006,2013577.0,506.86356,M,Math
Europe,SVN,2009,2045578.0,502.1206,M,Math
Europe,SVN,2012,2069365.0,502.74786,M,Math
Europe,SVN,2015,2080865.0,511.76373,M,Math
Europe,SVN,2018,2105931.0,509.1904,M,Math
Europe,SVN,2022,2119843.0,483.70145,M,Math
Asia,KOR,2006,48049348.0,552.022,M,Math
Asia,KOR,2009,48588024.0,547.81934,M,Math
Asia,KOR,2012,49634188.0,562.11395,M,Math
Asia,KOR,2015,50994396.0,520.76697,M,Math
Asia,KOR,2018,51676900.0,527.85614,M,Math
Asia,KOR,2022,51815808.0,529.72235,M,Math
Europe,ESP,2006,44422824.0,484.1898,M,Math
Europe,ESP,2009,46367772.0,492.7797,M,Math
Europe,ESP,2012,46756084.0,492.4224,M,Math
Europe,ESP,2015,46431344.0,493.8485,M,Math
Europe,ESP,2018,46792044.0,484.5682,M,Math
Europe,ESP,2022,47558632.0,478.1631,M,Math
Europe,SWE,2006,9104724.0,504.85837,M,Math
Europe,SWE,2009,9301413.0,493.37552,M,Math
Europe,SWE,2012,9555984.0,476.9165,M,Math
Europe,SWE,2015,9849344.0,492.80414,M,Math
Europe,SWE,2018,10162300.0,501.76315,M,Math
Europe,SWE,2022,10549349.0,482.8345,M,Math
Europe,CHE,2006,7475014.0,536.17236,M,Math
Europe,CHE,2009,7734402.0,543.71106,M,Math
Europe,CHE,2012,7995738.0,537.3688,M,Math
Europe,CHE,2015,8281735.0,527.0155,M,Math
Europe,CHE,2018,8514431.0,518.65814,M,Math
Europe,CHE,2022,8740471.0,513.35223,M,Math
Asia,TWN,2006,22874972.0,555.5704,M,Math
Asia,TWN,2009,23044086.0,545.61206,M,Math
Asia,TWN,2012,23234064.0,562.52936,M,Math
Asia,TWN,2015,23512136.0,545.1382,M,Math
Asia,TWN,2018,23726186.0,532.9079,M,Math
Asia,TWN,2022,23893396.0,549.82025,M,Math
Asia,THA,2006,66319528.0,413.27756,M,Math
Asia,THA,2009,67813656.0,420.64798,M,Math
Asia,THA,2012,69157024.0,419.13367,M,Math
Asia,THA,2015,70294408.0,413.8092,M,Math
Asia,THA,2018,71127808.0,410.06018,M,Math
Asia,THA,2022,71697024.0,390.83435,M,Math
Asia,TUR,2006,69601328.0,426.5966,M,Math
Asia,TUR,2009,72225648.0,450.74905,M,Math
Asia,TUR,2012,75277440.0,451.93375,M,Math
Asia,TUR,2015,79646176.0,423.3777,M,Math
Asia,TUR,2018,82809304.0,455.95795,M,Math
Asia,TUR,2022,85341248.0,456.03345,M,Math
Europe,GBR,2006,60803700.0,503.87305,M,Math
Europe,GBR,2009,62243384.0,502.84604,M,Math
Europe,GBR,2012,63808728.0,500.29492,M,Math
Europe,GBR,2015,65224368.0,498.20053,M,Math
Europe,GBR,2018,66432996.0,508.0341,M,Math
Europe,GBR,2022,67508936.0,496.04343,M,Math
North America,USA,2006,299753088.0,478.60635,M,Math
North America,USA,2009,308512032.0,497.26498,M,Math
North America,USA,2012,316651328.0,483.647,M,Math
North America,USA,2015,324607776.0,473.88574,M,Math
North America,USA,2018,332140032.0,482.4577,M,Math
North America,USA,2022,338289856.0,471.40854,M,Math
South America,URY,2006,3322282.0,433.41382,M,Math
South America,URY,2009,3344161.0,433.23932,M,Math
South America,URY,2012,3371134.0,415.35324,M,Math
South America,URY,2015,3402820.0,425.13794,M,Math
South America,URY,2018,3427044.0,422.00607,M,Math
South America,URY,2022,3422796.0,414.08438,M,Math
